id,1997-1998,1997-1998藍代表,1997-1998綠代表,1997-1998藍得票,1997-1998藍得票,1998-2001,1998-2001藍代表,1998-2001綠代表,1998-2001藍得票,1998-2001藍得票,2001-2002,2001-2002藍代表,2001-2002綠代表,2001-2002藍得票,2001-2002藍得票,2002-2005,2002-2005藍代表,2002-2005綠代表,2002-2005藍得票,2002-2005藍得票,2005-2006,2005-2006藍代表,2005-2006綠代表,2005-2006藍得票,2005-2006藍得票,2006-2009,2006-2009藍代表,2006-2009綠代表,2006-2009藍得票,2006-2009藍得票,2009-2010,2009-2010藍代表,2009-2010綠代表,2009-2010藍得票,2009-2010藍得票,縣市,鄉鎮
63000010,,58.584128834803,"趙少康 黃大洲",陳水扁,64316,45468,55.119423124855,"馬英九 王建煊",陳水扁,64132,52219,55.119423124855,"馬英九 王建煊",陳水扁,64132,52219,65.007997841546,馬英九,李應元,67464,36314,65.007997841546,馬英九,李應元,67464,36314,59.885730997817,郝龍斌,謝長廷,57334,38405,59.885730997817,郝龍斌,謝長廷,57334,38405,,,,,,,,,臺北市,松山區
63000020,,61.778347460139,"趙少康 黃大洲",陳水扁,83381,51587,58.18838108231,"馬英九 王建煊",陳水扁,81892,58844,58.18838108231,"馬英九 王建煊",陳水扁,81892,58844,68.31404416646,馬英九,李應元,85411,39616,68.31404416646,馬英九,李應元,85411,39616,61.246580011607,郝龍斌,謝長廷,66485,42068,61.246580011607,郝龍斌,謝長廷,66485,42068,,,,,,,,,臺北市,信義區
63000030,,63.940243632852,"趙少康 黃大洲",陳水扁,109912,61986,59.694510739857,"馬英九 王建煊",陳水扁,106301,71774,59.694510739857,"馬英九 王建煊",陳水扁,106301,71774,68.922868371306,馬英九,李應元,110839,49977,68.922868371306,馬英九,李應元,110839,49977,63.690111268489,郝龍斌,謝長廷,90382,51527,63.690111268489,郝龍斌,謝長廷,90382,51527,,,,,,,,,臺北市,大安區
63000040,,50.936825966061,"趙少康 黃大洲",陳水扁,58803,56640,49.958372783963,"馬英九 王建煊",陳水扁,61207,61309,49.958372783963,"馬英九 王建煊",陳水扁,61207,61309,59.829609387558,馬英九,李應元,66996,44982,59.829609387558,馬英九,李應元,66996,44982,52.011230973844,郝龍斌,謝長廷,52794,48711,52.011230973844,郝龍斌,謝長廷,52794,48711,,,,,,,,,臺北市,中山區
63000050,,60.723531437841,"趙少康 黃大洲",陳水扁,54653,35350,57.404855180197,"馬英九 王建煊",陳水扁,52898,39251,57.404855180197,"馬英九 王建煊",陳水扁,52898,39251,66.939636453874,馬英九,李應元,53950,26645,66.939636453874,馬英九,李應元,53950,26645,60.914345620945,郝龍斌,謝長廷,42997,27589,60.914345620945,郝龍斌,謝長廷,42997,27589,,,,,,,,,臺北市,中正區
63000060,,40.392487358536,"趙少康 黃大洲",陳水扁,30195,44559,41.000399438209,"馬英九 王建煊",陳水扁,31820,45789,41.000399438209,"馬英九 王建煊",陳水扁,31820,45789,51.34599748688,馬英九,李應元,34733,32912,51.34599748688,馬英九,李應元,34733,32912,41.055485748297,郝龍斌,謝長廷,24832,35652,41.055485748297,郝龍斌,謝長廷,24832,35652,,,,,,,,,臺北市,大同區
63000070,,51.389588158292,"趙少康 黃大洲",陳水扁,61242,57930,50.320588163772,"馬英九 王建煊",陳水扁,62079,61288,50.320588163772,"馬英九 王建煊",陳水扁,62079,61288,59.881144238517,馬英九,李應元,65395,43813,59.881144238517,馬英九,李應元,65395,43813,50.787481016557,郝龍斌,謝長廷,47822,46339,50.787481016557,郝龍斌,謝長廷,47822,46339,,,,,,,,,臺北市,萬華區
63000080,,65.869087592754,"趙少康 黃大洲",陳水扁,79448,41167,63.607866929572,"馬英九 王建煊",陳水扁,88067,50386,63.607866929572,"馬英九 王建煊",陳水扁,88067,50386,73.250153989454,馬英九,李應元,97515,35611,73.250153989454,馬英九,李應元,97515,35611,67.437251757119,郝龍斌,謝長廷,80309,38778,67.437251757119,郝龍斌,謝長廷,80309,38778,,,,,,,,,臺北市,文山區
63000090,,56.35059970138,"趙少康 黃大洲",陳水扁,34344,26603,53.71344938187,"馬英九 王建煊",陳水扁,34498,29728,53.71344938187,"馬英九 王建煊",陳水扁,34498,29728,65.737259992246,馬英九,李應元,38996,20325,65.737259992246,馬英九,李應元,38996,20325,57.19781061012,郝龍斌,謝長廷,29887,22365,57.19781061012,郝龍斌,謝長廷,29887,22365,,,,,,,,,臺北市,南港區
63000100,,58.020492773186,"趙少康 黃大洲",陳水扁,66195,47894,56.078066775134,"馬英九 王建煊",陳水扁,74793,58580,56.078066775134,"馬英九 王建煊",陳水扁,74793,58580,66.541341653666,馬英九,李應元,85306,42894,66.541341653666,馬英九,李應元,85306,42894,59.492286828276,郝龍斌,謝長廷,70189,47791,59.492286828276,郝龍斌,謝長廷,70189,47791,,,,,,,,,臺北市,內湖區
63000110,,48.912545929161,"趙少康 黃大洲",陳水扁,79073,82589,47.807452141538,"馬英九 王建煊",陳水扁,81538,89017,47.807452141538,"馬英九 王建煊",陳水扁,81538,89017,57.602881064101,馬英九,李應元,87652,64514,57.602881064101,馬英九,李應元,87652,64514,49.044172301564,郝龍斌,謝長廷,67961,70610,49.044172301564,郝龍斌,謝長廷,67961,70610,,,,,,,,,臺北市,士林區
63000120,,51.768765520498,"趙少康 黃大洲",陳水扁,67961,63317,50.606752372942,"馬英九 王建煊",陳水扁,71604,69887,50.606752372942,"馬英九 王建煊",陳水扁,71604,69887,60.62528353825,馬英九,李應元,78845,51208,60.62528353825,馬英九,李應元,78845,51208,52.159621607315,郝龍斌,謝長廷,61093,56034,52.159621607315,郝龍斌,謝長廷,61093,56034,,,,,,,,,臺北市,北投區
64000010,,57.636809147836,"吳敦義 湯阿根",張俊雄,10585,7780,48.466525031323,吳敦義,謝長廷,8897,9460,48.466525031323,吳敦義,謝長廷,8897,9460,43.80046653508,黃俊英,謝長廷,7323,9396,43.80046653508,黃俊英,謝長廷,7323,9396,44.179067915978,黃俊英,陳菊,7214,9115,44.179067915978,黃俊英,陳菊,7214,9115,,,,,,,,,高雄市,鹽埕區
64000020,,62.619774665684,"吳敦義 湯阿根",張俊雄,35682,21300,52.723156746753,吳敦義,謝長廷,31907,28611,52.723156746753,吳敦義,謝長廷,31907,28611,49.184758291125,黃俊英,謝長廷,27481,28392,49.184758291125,黃俊英,謝長廷,27481,28392,51.452770831653,黃俊英,陳菊,31893,30092,51.452770831653,黃俊英,陳菊,31893,30092,,,,,,,,,高雄市,鼓山區
64000030,,70.159290347196,"吳敦義 湯阿根",張俊雄,44133,18771,60.079134239971,吳敦義,謝長廷,45856,30470,60.079134239971,吳敦義,謝長廷,45856,30470,58.558202010026,黃俊英,謝長廷,48827,34555,58.558202010026,黃俊英,謝長廷,48827,34555,59.157455776517,黃俊英,陳菊,52772,36434,59.157455776517,黃俊英,陳菊,52772,36434,,,,,,,,,高雄市,左營區
64000040,,61.44932625203,"吳敦義 湯阿根",張俊雄,42000,26349,51.843218959568,吳敦義,謝長廷,39813,36982,51.843218959568,吳敦義,謝長廷,39813,36982,49.864716440301,黃俊英,謝長廷,37228,37430,49.864716440301,黃俊英,謝長廷,37228,37430,51.720041516087,黃俊英,陳菊,41360,38609,51.720041516087,黃俊英,陳菊,41360,38609,,,,,,,,,高雄市,楠梓區
64000050,,76.122082585278,黃鴻都,余政憲,848,266,46.115501112092,吳敦義,謝長廷,82520,96422,81.346153846154,吳光訓,楊秋興,846,194,45.653651232435,黃俊英,謝長廷,79273,94367,63.983903420523,林益世,楊秋興,1272,716,47.30146120017,黃俊英,陳菊,83357,92868,63.983903420523,林益世,楊秋興,1272,716,,,,,,,,,高雄市,三民區
64000060,,58.754291319274,"吳敦義 湯阿根",張俊雄,21564,15138,48.501514661333,吳敦義,謝長廷,16491,17510,48.501514661333,吳敦義,謝長廷,16491,17510,47.342815530972,黃俊英,謝長廷,15278,16993,47.342815530972,黃俊英,謝長廷,15278,16993,49.468419832411,黃俊英,陳菊,14936,15257,49.468419832411,黃俊英,陳菊,14936,15257,,,,,,,,,高雄市,新興區
64000070,,59.646085785728,"吳敦義 湯阿根",張俊雄,12404,8392,49.321196358908,吳敦義,謝長廷,9482,9743,49.321196358908,吳敦義,謝長廷,9482,9743,46.552821997106,黃俊英,謝長廷,8042,9233,46.552821997106,黃俊英,謝長廷,8042,9233,50.065270093865,黃俊英,陳菊,8054,8033,50.065270093865,黃俊英,陳菊,8054,8033,,,,,,,,,高雄市,前金區
64000080,,60.557331111091,"吳敦義 湯阿根",張俊雄,66128,43071,50.077810919466,吳敦義,謝長廷,54061,53893,50.077810919466,吳敦義,謝長廷,54061,53893,49.382679872629,黃俊英,謝長廷,50557,51821,49.382679872629,黃俊英,謝長廷,50557,51821,51.415281985373,黃俊英,陳菊,50406,47631,51.415281985373,黃俊英,陳菊,50406,47631,,,,,,,,,高雄市,苓雅區
64000090,,55.335944977847,"吳敦義 湯阿根",張俊雄,56078,45263,46.111417025208,吳敦義,謝長廷,49407,57740,46.111417025208,吳敦義,謝長廷,49407,57740,44.224036210999,黃俊英,謝長廷,45725,57669,44.224036210999,黃俊英,謝長廷,45725,57669,46.996351122846,黃俊英,陳菊,47526,53601,46.996351122846,黃俊英,陳菊,47526,53601,,,,,,,,,高雄市,前鎮區
64000100,,59.837370635733,"吳敦義 湯阿根",張俊雄,10523,7063,47.17499570668,吳敦義,謝長廷,8241,9228,47.17499570668,吳敦義,謝長廷,8241,9228,43.078953985416,黃俊英,謝長廷,6853,9055,43.078953985416,黃俊英,謝長廷,6853,9055,41.704481879779,黃俊英,陳菊,6709,9378,41.704481879779,黃俊英,陳菊,6709,9378,,,,,,,,,高雄市,旗津區
64000110,,58.50948466894,"吳敦義 湯阿根",張俊雄,37229,26400,49.205195504408,吳敦義,謝長廷,36557,37738,49.205195504408,吳敦義,謝長廷,36557,37738,48.324481708139,黃俊英,謝長廷,35850,38336,48.324481708139,黃俊英,謝長廷,35850,38336,47.017592273198,黃俊英,陳菊,34076,38399,47.017592273198,黃俊英,陳菊,34076,38399,,,,,,,,,高雄市,小港區
65000010,,46.532994180528,"謝深山 楊泰順",蘇貞昌,85798,98583,46.532994180528,"謝深山 楊泰順",蘇貞昌,85798,98583,45.18141346252,王建煊,蘇貞昌,115087,139635,45.18141346252,王建煊,蘇貞昌,115087,139635,52.304825092719,周錫瑋,羅文嘉,140326,127959,52.304825092719,周錫瑋,羅文嘉,140326,127959,52.304825092719,周錫瑋,羅文嘉,140326,127959,,,,,,,,,臺北縣,板橋市
65000020,,39.939969831778,"謝深山 楊泰順",蘇貞昌,52162,78439,39.939969831778,"謝深山 楊泰順",蘇貞昌,52162,78439,39.245691918996,王建煊,蘇貞昌,70988,109893,39.245691918996,王建煊,蘇貞昌,70988,109893,46.095466559107,周錫瑋,羅文嘉,86854,101568,46.095466559107,周錫瑋,羅文嘉,86854,101568,46.095466559107,周錫瑋,羅文嘉,86854,101568,,,,,,,,,臺北縣,三重市
65000030,,58.600760456274,"謝深山 楊泰順",蘇貞昌,80913,57162,58.600760456274,"謝深山 楊泰順",蘇貞昌,80913,57162,57.864204954311,王建煊,蘇貞昌,117403,85491,57.864204954311,王建煊,蘇貞昌,117403,85491,63.061099511532,周錫瑋,羅文嘉,130778,76605,63.061099511532,周錫瑋,羅文嘉,130778,76605,63.061099511532,周錫瑋,羅文嘉,130778,76605,,,,,,,,,臺北縣,中和市
65000040,,62.356180919688,"謝深山 楊泰順",蘇貞昌,49590,29937,62.356180919688,"謝深山 楊泰順",蘇貞昌,49590,29937,62.924452784066,王建煊,蘇貞昌,73105,43074,62.924452784066,王建煊,蘇貞昌,73105,43074,67.94886289516,周錫瑋,羅文嘉,78131,36854,67.94886289516,周錫瑋,羅文嘉,78131,36854,67.94886289516,周錫瑋,羅文嘉,78131,36854,,,,,,,,,臺北縣,永和市
65000050,,42.589361566077,"謝深山 楊泰順",蘇貞昌,46623,62848,42.589361566077,"謝深山 楊泰順",蘇貞昌,46623,62848,41.992693416744,王建煊,蘇貞昌,68737,94951,41.992693416744,王建煊,蘇貞昌,68737,94951,49.628894621949,周錫瑋,羅文嘉,87528,88837,49.628894621949,周錫瑋,羅文嘉,87528,88837,49.628894621949,周錫瑋,羅文嘉,87528,88837,,,,,,,,,臺北縣,新莊市
65000060,,63.519948376761,"謝深山 楊泰順",蘇貞昌,57093,32789,63.519948376761,"謝深山 楊泰順",蘇貞昌,57093,32789,64.078290625613,王建煊,蘇貞昌,88198,49443,64.078290625613,王建煊,蘇貞昌,88198,49443,68.921380291711,周錫瑋,羅文嘉,96869,43681,68.921380291711,周錫瑋,羅文嘉,96869,43681,68.921380291711,周錫瑋,羅文嘉,96869,43681,,,,,,,,,臺北縣,新店市
65000070,,42.370628789767,"謝深山 楊泰順",蘇貞昌,20404,27752,42.370628789767,"謝深山 楊泰順",蘇貞昌,20404,27752,42.709756168444,王建煊,蘇貞昌,29392,39426,42.709756168444,王建煊,蘇貞昌,29392,39426,50.420930106654,周錫瑋,羅文嘉,37253,36631,50.420930106654,周錫瑋,羅文嘉,37253,36631,50.420930106654,周錫瑋,羅文嘉,37253,36631,,,,,,,,,臺北縣,樹林市
65000080,,48.107163657542,"謝深山 楊泰順",蘇貞昌,12390,13365,48.107163657542,"謝深山 楊泰順",蘇貞昌,12390,13365,39.796389303651,王建煊,蘇貞昌,14659,22176,39.796389303651,王建煊,蘇貞昌,14659,22176,51.020354769504,周錫瑋,羅文嘉,19501,18721,51.020354769504,周錫瑋,羅文嘉,19501,18721,51.020354769504,周錫瑋,羅文嘉,19501,18721,,,,,,,,,臺北縣,鶯歌鎮
65000090,,49.508810229222,"謝深山 楊泰順",蘇貞昌,12700,12952,49.508810229222,"謝深山 楊泰順",蘇貞昌,12700,12952,43.072042300066,王建煊,蘇貞昌,16292,21533,43.072042300066,王建煊,蘇貞昌,16292,21533,54.068267513396,周錫瑋,羅文嘉,21796,18516,54.068267513396,周錫瑋,羅文嘉,21796,18516,54.068267513396,周錫瑋,羅文嘉,21796,18516,,,,,,,,,臺北縣,三峽鎮
65000100,,60.812994539173,"謝深山 楊泰順",蘇貞昌,21827,14065,60.812994539173,"謝深山 楊泰順",蘇貞昌,21827,14065,45.459364603517,王建煊,蘇貞昌,24869,29837,45.459364603517,王建煊,蘇貞昌,24869,29837,56.269360501136,周錫瑋,羅文嘉,32697,25411,56.269360501136,周錫瑋,羅文嘉,32697,25411,56.269360501136,周錫瑋,羅文嘉,32697,25411,,,,,,,,,臺北縣,淡水鎮
65000110,,55.353129775567,"謝深山 楊泰順",蘇貞昌,18473,14900,55.353129775567,"謝深山 楊泰順",蘇貞昌,18473,14900,55.661364722908,王建煊,蘇貞昌,43078,34315,55.661364722908,王建煊,蘇貞昌,43078,34315,59.396946470668,周錫瑋,羅文嘉,48124,32897,59.396946470668,周錫瑋,羅文嘉,48124,32897,59.396946470668,周錫瑋,羅文嘉,48124,32897,,,,,,,,,臺北縣,汐止市
65000120,,52.268041237113,"謝深山 楊泰順",蘇貞昌,9633,8797,52.268041237113,"謝深山 楊泰順",蘇貞昌,9633,8797,47.011810674008,王建煊,蘇貞昌,10588,11934,47.011810674008,王建煊,蘇貞昌,10588,11934,57.452270174876,周錫瑋,羅文嘉,10743,7956,57.452270174876,周錫瑋,羅文嘉,10743,7956,57.452270174876,周錫瑋,羅文嘉,10743,7956,,,,,,,,,臺北縣,瑞芳鎮
65000130,,46.750670003109,"謝深山 楊泰順",蘇貞昌,31574,35963,46.750670003109,"謝深山 楊泰順",蘇貞昌,31574,35963,48.530150753769,王建煊,蘇貞昌,50219,53261,48.530150753769,王建煊,蘇貞昌,50219,53261,55.115304370303,周錫瑋,羅文嘉,59702,48620,55.115304370303,周錫瑋,羅文嘉,59702,48620,55.115304370303,周錫瑋,羅文嘉,59702,48620,,,,,,,,,臺北縣,土城市
65000140,,38.996681133521,"謝深山 楊泰順",蘇貞昌,18330,28674,38.996681133521,"謝深山 楊泰順",蘇貞昌,18330,28674,38.962656182228,王建煊,蘇貞昌,27847,43624,38.962656182228,王建煊,蘇貞昌,27847,43624,46.573980921443,周錫瑋,羅文嘉,38424,44077,46.573980921443,周錫瑋,羅文嘉,38424,44077,46.573980921443,周錫瑋,羅文嘉,38424,44077,,,,,,,,,臺北縣,蘆洲市
65000150,,45.64143792351,"謝深山 楊泰順",蘇貞昌,7948,9466,45.64143792351,"謝深山 楊泰順",蘇貞昌,7948,9466,42.451903267725,王建煊,蘇貞昌,13394,18157,42.451903267725,王建煊,蘇貞昌,13394,18157,50.129752905337,周錫瑋,羅文嘉,17772,17680,50.129752905337,周錫瑋,羅文嘉,17772,17680,50.129752905337,周錫瑋,羅文嘉,17772,17680,,,,,,,,,臺北縣,五股鄉
65000160,,49.60024600246,"謝深山 楊泰順",蘇貞昌,9678,9834,49.60024600246,"謝深山 楊泰順",蘇貞昌,9678,9834,45.087399979395,王建煊,蘇貞昌,13129,15990,45.087399979395,王建煊,蘇貞昌,13129,15990,52.63697803524,周錫瑋,羅文嘉,17446,15698,52.63697803524,周錫瑋,羅文嘉,17446,15698,52.63697803524,周錫瑋,羅文嘉,17446,15698,,,,,,,,,臺北縣,泰山鄉
65000170,,47.066738428418,"謝深山 楊泰順",蘇貞昌,6996,7868,47.066738428418,"謝深山 楊泰順",蘇貞昌,6996,7868,43.346956334696,王建煊,蘇貞昌,10076,13169,43.346956334696,王建煊,蘇貞昌,10076,13169,53.992981914935,周錫瑋,羅文嘉,14002,11931,53.992981914935,周錫瑋,羅文嘉,14002,11931,53.992981914935,周錫瑋,羅文嘉,14002,11931,,,,,,,,,臺北縣,林口鄉
65000180,,53.54609929078,"謝深山 楊泰順",蘇貞昌,3473,3013,53.54609929078,"謝深山 楊泰順",蘇貞昌,3473,3013,51.632631906292,王建煊,蘇貞昌,4981,4666,51.632631906292,王建煊,蘇貞昌,4981,4666,56.469267471232,周錫瑋,羅文嘉,6036,4653,56.469267471232,周錫瑋,羅文嘉,6036,4653,56.469267471232,周錫瑋,羅文嘉,6036,4653,,,,,,,,,臺北縣,深坑鄉
65000190,,46.318732525629,"謝深山 楊泰順",蘇貞昌,1491,1728,46.318732525629,"謝深山 楊泰順",蘇貞昌,1491,1728,33.841851004322,王建煊,蘇貞昌,1331,2602,33.841851004322,王建煊,蘇貞昌,1331,2602,42.684372776856,周錫瑋,羅文嘉,1800,2417,42.684372776856,周錫瑋,羅文嘉,1800,2417,42.684372776856,周錫瑋,羅文嘉,1800,2417,,,,,,,,,臺北縣,石碇鄉
65000200,,39.543889845095,"謝深山 楊泰順",蘇貞昌,919,1405,39.543889845095,"謝深山 楊泰順",蘇貞昌,919,1405,22.13691618682,王建煊,蘇貞昌,692,2434,22.13691618682,王建煊,蘇貞昌,692,2434,38.057505093955,周錫瑋,羅文嘉,1681,2736,38.057505093955,周錫瑋,羅文嘉,1681,2736,38.057505093955,周錫瑋,羅文嘉,1681,2736,,,,,,,,,臺北縣,坪林鄉
65000210,,75.452570601014,"謝深山 楊泰順",蘇貞昌,6252,2034,75.452570601014,"謝深山 楊泰順",蘇貞昌,6252,2034,37.76995528494,王建煊,蘇貞昌,3970,6541,37.76995528494,王建煊,蘇貞昌,3970,6541,58.039318939793,周錫瑋,羅文嘉,6613,4781,58.039318939793,周錫瑋,羅文嘉,6613,4781,58.039318939793,周錫瑋,羅文嘉,6613,4781,,,,,,,,,臺北縣,三芝鄉
65000220,,64.929906542056,"謝深山 楊泰順",蘇貞昌,2779,1501,64.929906542056,"謝深山 楊泰順",蘇貞昌,2779,1501,39.688138110265,王建煊,蘇貞昌,2138,3249,39.688138110265,王建煊,蘇貞昌,2138,3249,57.979953739399,周錫瑋,羅文嘉,3760,2725,57.979953739399,周錫瑋,羅文嘉,3760,2725,57.979953739399,周錫瑋,羅文嘉,3760,2725,,,,,,,,,臺北縣,石門鄉
65000230,,54.155558131448,"謝深山 楊泰順",蘇貞昌,4672,3955,54.155558131448,"謝深山 楊泰順",蘇貞昌,4672,3955,45.181918412348,王建煊,蘇貞昌,6147,7458,45.181918412348,王建煊,蘇貞昌,6147,7458,53.271338425772,周錫瑋,羅文嘉,8020,7035,53.271338425772,周錫瑋,羅文嘉,8020,7035,53.271338425772,周錫瑋,羅文嘉,8020,7035,,,,,,,,,臺北縣,八里鄉
65000240,,50.56270096463,"謝深山 楊泰順",蘇貞昌,1258,1230,50.56270096463,"謝深山 楊泰順",蘇貞昌,1258,1230,34.785295026259,王建煊,蘇貞昌,1126,2111,34.785295026259,王建煊,蘇貞昌,1126,2111,49.805730937348,周錫瑋,羅文嘉,2051,2067,49.805730937348,周錫瑋,羅文嘉,2051,2067,49.805730937348,周錫瑋,羅文嘉,2051,2067,,,,,,,,,臺北縣,平溪鄉
65000250,,49.827060020346,"謝深山 楊泰順",蘇貞昌,2449,2466,49.827060020346,"謝深山 楊泰順",蘇貞昌,2449,2466,42.538405267008,王建煊,蘇貞昌,2326,3142,42.538405267008,王建煊,蘇貞昌,2326,3142,52.639545884579,周錫瑋,羅文嘉,2782,2503,52.639545884579,周錫瑋,羅文嘉,2782,2503,52.639545884579,周錫瑋,羅文嘉,2782,2503,,,,,,,,,臺北縣,雙溪鄉
65000260,,37.343567495411,"謝深山 楊泰順",蘇貞昌,2238,3755,37.343567495411,"謝深山 楊泰順",蘇貞昌,2238,3755,34.681907053692,王建煊,蘇貞昌,2306,4343,34.681907053692,王建煊,蘇貞昌,2306,4343,42.877650176678,周錫瑋,羅文嘉,3883,5173,42.877650176678,周錫瑋,羅文嘉,3883,5173,42.877650176678,周錫瑋,羅文嘉,3883,5173,,,,,,,,,臺北縣,貢寮鄉
65000270,,50.901694915254,"謝深山 楊泰順",蘇貞昌,3754,3621,50.901694915254,"謝深山 楊泰順",蘇貞昌,3754,3621,38.506334286882,王建煊,蘇貞昌,3769,6019,38.506334286882,王建煊,蘇貞昌,3769,6019,54.955032119914,周錫瑋,羅文嘉,6416,5259,54.955032119914,周錫瑋,羅文嘉,6416,5259,54.955032119914,周錫瑋,羅文嘉,6416,5259,,,,,,,,,臺北縣,金山鄉
65000280,,57.10440572319,"謝深山 楊泰順",蘇貞昌,4031,3028,57.10440572319,"謝深山 楊泰順",蘇貞昌,4031,3028,44.616083598364,王建煊,蘇貞昌,3928,4876,44.616083598364,王建煊,蘇貞昌,3928,4876,58.239366963403,周錫瑋,羅文嘉,5888,4222,58.239366963403,周錫瑋,羅文嘉,5888,4222,58.239366963403,周錫瑋,羅文嘉,5888,4222,,,,,,,,,臺北縣,萬里鄉
65000290,,64.75300400534,"謝深山 楊泰順",蘇貞昌,970,528,64.75300400534,"謝深山 楊泰順",蘇貞昌,970,528,47.42883379247,王建煊,蘇貞昌,1033,1145,47.42883379247,王建煊,蘇貞昌,1033,1145,64.620187304891,周錫瑋,羅文嘉,1863,1020,64.620187304891,周錫瑋,羅文嘉,1863,1020,64.620187304891,周錫瑋,羅文嘉,1863,1020,,,,,,,,,臺北縣,烏來鄉
10002010,,51.364520187579,廖風德,劉守成,22454,21261,51.364520187579,廖風德,劉守成,22454,21261,55.034284561863,呂國華,劉守成,21831,17837,55.034284561863,呂國華,劉守成,21831,17837,57.237288506577,呂國華,陳定南,26150,19537,57.237288506577,呂國華,陳定南,26150,19537,52.117370412023,呂國華,林聰賢,25488,23417,,,,,,,,,宜蘭縣,宜蘭市
10002020,,43.665082042631,廖風德,劉守成,14237,18368,43.665082042631,廖風德,劉守成,14237,18368,42.974845305354,呂國華,劉守成,12779,16957,42.974845305354,呂國華,劉守成,12779,16957,48.049707602339,呂國華,陳定南,16433,17767,48.049707602339,呂國華,陳定南,16433,17767,41.542896362388,呂國華,林聰賢,15132,21293,,,,,,,,,宜蘭縣,羅東鎮
10002030,,44.99612102405,廖風德,劉守成,10440,12762,44.99612102405,廖風德,劉守成,10440,12762,43.934570742935,呂國華,劉守成,8971,11448,43.934570742935,呂國華,劉守成,8971,11448,52.368488801167,呂國華,陳定南,12205,11101,52.368488801167,呂國華,陳定南,12205,11101,44.558184879908,呂國華,林聰賢,10055,12511,,,,,,,,,宜蘭縣,蘇澳鎮
10002040,,58.451877483019,廖風德,劉守成,9122,6484,58.451877483019,廖風德,劉守成,9122,6484,68.163237954835,呂國華,劉守成,10172,4751,68.163237954835,呂國華,劉守成,10172,4751,70.3066400794075,呂國華,陳定南,12014,5074,70.306647940075,呂國華,陳定南,12014,5074,64.462102689487,呂國華,林聰賢,10546,5814,,,,,,,,,宜蘭縣,頭城鎮
10002050,,49.339723109691,廖風德,劉守成,9266,9514,49.339723109691,廖風德,劉守成,9266,9514,51.518501279963,呂國華,劉守成,8855,8333,51.518501279963,呂國華,劉守成,8855,8333,54.379749435202,呂國華,陳定南,10591,8885,54.379749435202,呂國華,陳定南,10591,8885,47.576955074875,呂國華,林聰賢,9150,10082,,,,,,,,,宜蘭縣,礁溪鄉
10002060,,46.260739633919,廖風德,劉守成,6192,7193,46.260739633919,廖風德,劉守成,6192,7193,45.908265962712,呂國華,劉守成,5565,6557,45.908265962712,呂國華,劉守成,5565,6557,50.006846501438,呂國華,陳定南,7304,7302,50.006846501438,呂國華,陳定南,7304,7302,44.512623841483,呂國華,林聰賢,6964,8681,,,,,,,,,宜蘭縣,壯圍鄉
10002070,,43.05210165585,廖風德,劉守成,7098,9389,43.05210165585,廖風德,劉守成,7098,9389,49.007329395859,呂國華,劉守成,6887,7166,0049.07329395859,呂國華,劉守成,6887,7166,47.465765605549,呂國華,陳定南,8007,8862,47.465765605549,呂國華,陳定南,8007,8862,40.245333959385,呂國華,林聰賢,6857,10181,,,,,,,,,宜蘭縣,員山鄉
10002080,,39.576723526557,廖風德,劉守成,10603,16188,39.576723526557,廖風德,劉守成,10603,16188,38.058855631586,呂國華,劉守成,9066,14755,38.058855631586,呂國華,劉守成,9066,14755,41.343233209585,呂國華,陳定南,11025,15642,41.343233209585,呂國華,陳定南,11025,15642,35.872269836881,呂國華,林聰賢,10380,18556,,,,,,,,,宜蘭縣,冬山鄉
10002090,,37.590945836702,廖風德,劉守成,7440,12352,37.590945836702,廖風德,劉守成,7440,12352,37.555443265398,呂國華,劉守成,6689,11122,37.555443265398,呂國華,劉守成,6689,11122,41.515571672355,呂國華,陳定南,7785,10967,41.515571672355,呂國華,陳定南,7785,10967,36.353104726599,呂國華,林聰賢,7845,13735,,,,,,,,,宜蘭縣,五結鄉
10002100,,35.288552507096,廖風德,劉守成,4103,7524,35.288552507096,廖風德,劉守成,4103,7524,37.916134734361,呂國華,劉守成,3861,6322,37.916134734361,呂國華,劉守成,3861,6322,40.787455258224,呂國華,陳定南,4786,6948,40.787455258224,呂國華,陳定南,4786,6948,37.363426110535,呂國華,林聰賢,4685,7854,,,,,,,,,宜蘭縣,三星鄉
10002110,,75.141242937853,廖風德,劉守成,1862,616,75.141242937853,廖風德,劉守成,1862,616,70.5859375,呂國華,劉守成,1807,753,70.5859375,呂國華,劉守成,1807,753,83.702956989247,呂國華,陳定南,2491,485,83.702956989247,呂國華,陳定南,2491,485,76.565656565657,呂國華,林聰賢,2653,812,,,,,,,,,宜蘭縣,大同鄉
10002120,,80.627615062762,廖風德,劉守成,1927,463,80.627615062762,廖風德,劉守成,1927,463,87.016229712859,呂國華,劉守成,2091,312,87.016229712859,呂國華,劉守成,2091,312,90.423011844332,呂國華,陳定南,2672,283,90.423011844332,呂國華,陳定南,2672,283,85.561160151324,呂國華,林聰賢,2714,458,,,,,,,,,宜蘭縣,南澳鄉
10003010,,37.236882902126,陳根德,呂秀蓮,43235,72873,37.236882902126,陳根德,呂秀蓮,43235,72873,57.408194807211,朱立倫,彭紹瑾,85060,63107,57.408194807211,朱立倫,彭紹瑾,85060,63107,60.861112923217,朱立倫,鄭寶清,93294,59996,60.861112923217,朱立倫,鄭寶清,93294,59996,50.815526073258,吳志揚,鄭文燦,71127,68844,,,,,,,,,桃園縣,桃園市
10003070,,44.390054991867,陳根德,呂秀蓮,57312,71798,44.390054991867,陳根德,呂秀蓮,57312,71798,59.045162298958,朱立倫,彭紹瑾,90642,62871,59.045162298958,朱立倫,彭紹瑾,90642,62871,62.587804734077,朱立倫,鄭寶清,31809,19014,62.587804734077,朱立倫,鄭寶清,31809,19014,51.831305423799,吳志揚,鄭文燦,25133,23357,,,,,,,,,桃園縣,龜山鄉
10003080,,45.010222688843,陳根德,呂秀蓮,16291,19903,45.010222688843,陳根德,呂秀蓮,16291,19903,52.32549210331,朱立倫,彭紹瑾,20442,18625,52.32549210331,朱立倫,彭紹瑾,20442,18625,65.712392678685,朱立倫,鄭寶清,47606,24840,65.712392678685,朱立倫,鄭寶清,47606,24840,54.133149467555,吳志揚,鄭文燦,35330,29935,,,,,,,,,桃園縣,八德市
10003050,,38.201656645503,陳根德,呂秀蓮,18171,29395,38.201656645503,陳根德,呂秀蓮,18171,29395,50.968359515222,朱立倫,彭紹瑾,29817,28684,50.968359515222,朱立倫,彭紹瑾,29817,28684,55.966691838276,朱立倫,鄭寶清,27422,21575,55.966691838276,朱立倫,鄭寶清,27422,21575,46.811099806492,吳志揚,鄭文燦,23465,26662,,,,,,,,,桃園縣,蘆竹鄉
10003060,,37.678441809823,陳根德,呂秀蓮,12458,20606,37.678441809823,陳根德,呂秀蓮,12458,20606,50.923845765898,朱立倫,彭紹瑾,22214,21408,50.923845765898,朱立倫,彭紹瑾,22214,21408,53.18477138867,朱立倫,鄭寶清,17518,15420,53.18477138867,朱立倫,鄭寶清,17518,15420,45.476114695755,吳志揚,鄭文燦,15717,18844,,,,,,,,,桃園縣,大園鄉
10003030,,53.80253802538,陳根德,呂秀蓮,17934,15399,53.80253802538,陳根德,呂秀蓮,17934,15399,48.969572415368,朱立倫,彭紹瑾,17156,17878,48.969572415368,朱立倫,彭紹瑾,17156,17878,54.504321301474,朱立倫,鄭寶清,21442,17898,54.504321301474,朱立倫,鄭寶清,21442,17898,47.94227281886,吳志揚,鄭文燦,19035,20669,,,,,,,,,桃園縣,大溪鎮
10003130,,48.690960764951,陳根德,呂秀蓮,20216,21303,48.690960764951,陳根德,呂秀蓮,20216,21303,58.154644566923,朱立倫,彭紹瑾,28911,20803,58.154644566923,朱立倫,彭紹瑾,28911,20803,80.999020568071,朱立倫,鄭寶清,4135,970,80.999020568071,朱立倫,鄭寶清,4135,970,77.285191956124,吳志揚,鄭文燦,3382,994,,,,,,,,,桃園縣,復興鄉
10003020,,51.149838017268,陳根德,呂秀蓮,32051,30610,51.149838017268,陳根德,呂秀蓮,32051,30610,63.525277744752,朱立倫,彭紹瑾,48088,27611,63.525277744752,朱立倫,彭紹瑾,48088,27611,66.560713260058,朱立倫,鄭寶清,101979,51233,66.560713260058,朱立倫,鄭寶清,101979,51233,59.606415652372,吳志揚,鄭文燦,83840,56816,,,,,,,,,桃園縣,中壢市
10003100,,49.093624472139,陳根德,呂秀蓮,19066,19770,49.093624472139,陳根德,呂秀蓮,19066,19770,58.448989783391,朱立倫,彭紹瑾,28090,19969,58.448989783391,朱立倫,彭紹瑾,28090,19969,63.632536207477,朱立倫,鄭寶清,52899,30233,63.632536207477,朱立倫,鄭寶清,52899,30233,57.01742444868,吳志揚,鄭文燦,41885,31575,,,,,,,,,桃園縣,平鎮市
10003040,,44.354760687186,陳根德,呂秀蓮,32092,40261,44.354760687186,陳根德,呂秀蓮,32092,40261,55.738003598351,朱立倫,彭紹瑾,48948,38870,55.738003598351,朱立倫,彭紹瑾,48948,38870,60.661341518714,朱立倫,鄭寶清,34782,22556,60.661341518714,朱立倫,鄭寶清,34782,22556,56.668393590645,吳志揚,鄭文燦,30627,23419,,,,,,,,,桃園縣,楊梅鎮
10003090,,34.661013319628,陳根德,呂秀蓮,8093,15256,34.661013319628,陳根德,呂秀蓮,8093,15256,36.40145811871,朱立倫,彭紹瑾,9187,16051,36.40145811871,朱立倫,彭紹瑾,9187,16051,65.720474471377,朱立倫,鄭寶清,31858,16617,65.720474471377,朱立倫,鄭寶清,31858,16617,60.02367523153,吳志揚,鄭文燦,25860,17223,,,,,,,,,桃園縣,龍潭鄉
10003110,,29.732800336629,陳根德,呂秀蓮,7066,16699,29.732800336629,陳根德,呂秀蓮,7066,16699,36.698441866697,朱立倫,彭紹瑾,9586,16535,36.698441866697,朱立倫,彭紹瑾,9586,16535,47.698744769874,朱立倫,鄭寶清,11400,12500,47.698744769874,朱立倫,鄭寶清,11400,12500,43.232841565106,吳志揚,鄭文燦,10110,13275,,,,,,,,,桃園縣,新屋鄉
10003120,,64.897518878101,陳根德,呂秀蓮,3008,1627,64.897518878101,陳根德,呂秀蓮,3008,1627,76.125567947129,朱立倫,彭紹瑾,3686,1156,76.125567947129,朱立倫,彭紹瑾,3686,1156,45.924574209246,朱立倫,鄭寶清,12835,15113,45.924574209246,朱立倫,鄭寶清,12835,15113,41.588150905355,吳志揚,鄭文燦,10726,15065,,,,,,,,,桃園縣,觀音鄉
10004010,,43.208393400609,鄭永金,林光華,10790,14182,43.208393400609,鄭永金,林光華,10790,14182,48.645771439889,鄭永金,林光華,19649,20743,48.645771439889,鄭永金,林光華,19649,20743,59.866837798813,鄭永金,林光華,29852,20012,59.866837798813,鄭永金,林光華,29852,20012,48.746662519118,邱鏡淳,彭紹瑾,18805,19772,,,,,,,,,新竹縣,竹北市
10004020,,57.452369228438,鄭永金,林光華,15168,11233,57.452369228438,鄭永金,林光華,15168,11233,64.002745172283,鄭永金,林光華,27045,15211,64.002745172283,鄭永金,林光華,27045,15211,74.445284055781,鄭永金,林光華,32511,11160,74.445284055781,鄭永金,林光華,32511,11160,63.396215976986,邱鏡淳,彭紹瑾,22919,13233,,,,,,,,,新竹縣,竹東鎮
10004030,,39.250108365843,鄭永金,林光華,5433,8409,39.250108365843,鄭永金,林光華,5433,8409,46.906451954656,鄭永金,林光華,8855,10023,46.906451954656,鄭永金,林光華,8855,10023,60.477736324434,鄭永金,林光華,12482,8157,60.477736324434,鄭永金,林光華,12482,8157,43.557356212266,邱鏡淳,彭紹瑾,5483,7105,,,,,,,,,新竹縣,新埔鎮
10004040,,44.726149845604,鄭永金,林光華,5504,6802,44.726149845604,鄭永金,林光華,5504,6802,47.517519895475,鄭永金,林光華,8001,8837,47.517519895475,鄭永金,林光華,8001,8837,64.472361809045,鄭永金,林光華,11547,6363,64.472361809045,鄭永金,林光華,11547,6363,48.662516823688,邱鏡淳,彭紹瑾,5785,6103,,,,,,,,,新竹縣,關西鎮
10004050,,47.093352556511,鄭永金,林光華,9146,10275,47.093352556511,鄭永金,林光華,9146,10275,53.219105285194,鄭永金,林光華,16524,14525,53.219105285194,鄭永金,林光華,16524,14525,69.902939545202,鄭永金,林光華,25207,10853,69.902939545202,鄭永金,林光華,25207,10853,58.543213656894,邱鏡淳,彭紹瑾,15295,10831,,,,,,,,,新竹縣,湖口鄉
10004060,,45.125195618153,鄭永金,林光華,5767,7013,45.125195618153,鄭永金,林光華,5767,7013,52.91264490469,鄭永金,林光華,10909,9708,52.91264490469,鄭永金,林光華,10909,9708,67.952690612316,鄭永金,林光華,15570,7343,67.952690612316,鄭永金,林光華,15570,7343,57.203881125282,邱鏡淳,彭紹瑾,9374,7013,,,,,,,,,新竹縣,新豐鄉
10004070,,49.781593613496,鄭永金,林光華,3305,3334,49.781593613496,鄭永金,林光華,3305,3334,55.349891396732,鄭永金,林光華,5861,4728,55.349891396732,鄭永金,林光華,5861,4728,68.084716237279,鄭永金,林光華,7426,3481,68.084716237279,鄭永金,林光華,7426,3481,53.544661506328,邱鏡淳,彭紹瑾,4358,3781,,,,,,,,,新竹縣,芎林鄉
10004080,,53.687315634218,鄭永金,林光華,2912,2512,53.687315634218,鄭永金,林光華,2912,2512,55.909874415169,鄭永金,林光華,4541,3581,55.909874415169,鄭永金,林光華,4541,3581,70.764200072666,鄭永金,林光華,5843,2414,70.764200072666,鄭永金,林光華,5843,2414,62.507635919365,邱鏡淳,彭紹瑾,4093,2455,,,,,,,,,新竹縣,橫山鄉
10004090,,40.48090523338,鄭永金,林光華,1431,2104,40.48090523338,鄭永金,林光華,1431,2104,45.482583454282,鄭永金,林光華,2507,3005,45.482583454282,鄭永金,林光華,2507,3005,65.236125473974,鄭永金,林光華,3785,2017,65.236125473974,鄭永金,林光華,3785,2017,51.375943186862,邱鏡淳,彭紹瑾,2315,2191,,,,,,,,,新竹縣,北埔鄉
10004100,,52.707877461707,鄭永金,林光華,1927,1729,52.707877461707,鄭永金,林光華,1927,1729,49.522467512134,鄭永金,林光華,3163,3224,49.522467512134,鄭永金,林光華,3163,3224,64.47966919366,鄭永金,林光華,4678,2577,64.47966919366,鄭永金,林光華,4678,2577,56.520223152022,邱鏡淳,彭紹瑾,3242,2494,,,,,,,,,新竹縣,寶山鄉
10004110,,31.959564541213,鄭永金,林光華,822,1750,31.959564541213,鄭永金,林光華,822,1750,40.927806752676,鄭永金,林光華,1491,2152,40.927806752676,鄭永金,林光華,1491,2152,58.753387533875,鄭永金,林光華,2168,1522,58.753387533875,鄭永金,林光華,2168,1522,53.11702515494,邱鏡淳,彭紹瑾,1457,1286,,,,,,,,,新竹縣,峨眉鄉
10004120,,65.748502994012,鄭永金,林光華,1647,858,65.748502994012,鄭永金,林光華,1647,858,68.595279217041,鄭永金,林光華,2383,1091,68.595279217041,鄭永金,林光華,2383,1091,84.193768478508,鄭永金,林光華,3702,695,84.193768478508,鄭永金,林光華,3702,695,80.915218162469,邱鏡淳,彭紹瑾,2281,538,,,,,,,,,新竹縣,尖石鄉
10004130,,50.762527233115,鄭永金,林光華,699,678,50.762527233115,鄭永金,林光華,699,678,73.78210806023,鄭永金,林光華,1666,592,73.78210806023,鄭永金,林光華,1666,592,83.49478390462,鄭永金,林光華,2241,443,83.49478390462,鄭永金,林光華,2241,443,84.332688588008,邱鏡淳,彭紹瑾,1744,324,,,,,,,,,新竹縣,五峰鄉
10005010,,93.4456398641,"何智輝 黃達業",徐進榮,19803,1389,93.4456398641,"何智輝 黃達業",徐進榮,19803,1389,60.206300529691,徐享崑,魏早炳,10798,7137,60.206300529691,徐享崑,魏早炳,10798,7137,52.789035836177,劉政鴻,邱炳坤,19798,17706,52.789035836177,劉政鴻,邱炳坤,19798,17706,67.89776114065,劉政鴻,楊長鎮,28477,13464,,,,,,,,,苗栗縣,苗栗市
10005090,,84.193933197001,"何智輝 黃達業",徐進榮,9881,1855,84.193933197001,"何智輝 黃達業",徐進榮,9881,1855,30.75008297378,徐享崑,魏早炳,3706,8346,30.75008297378,徐享崑,魏早炳,3706,8346,49.687292082502,劉政鴻,邱炳坤,7468,7562,49.687292082502,劉政鴻,邱炳坤,7468,7562,65.066666666667,劉政鴻,楊長鎮,11468,6157,,,,,,,,,苗栗縣,公館鄉
10005120,,90.442571127503,"何智輝 黃達業",徐進榮,8583,907,90.442571127503,"何智輝 黃達業",徐進榮,8583,907,45.262547622992,徐享崑,魏早炳,5465,6609,45.262547622992,徐享崑,魏早炳,5465,6609,54.762767113365,劉政鴻,邱炳坤,3024,2498,54.762767113365,劉政鴻,邱炳坤,3024,2498,68.803799346987,劉政鴻,楊長鎮,4636,2102,,,,,,,,,苗栗縣,頭屋鄉
10005100,,89.303646934461,"何智輝 黃達業",徐進榮,13517,1619,89.303646934461,"何智輝 黃達業",徐進榮,13517,1619,37.043989737814,徐享崑,魏早炳,5920,10061,37.043989737814,徐享崑,魏早炳,5920,10061,54.731154454402,劉政鴻,邱炳坤,4153,3435,54.731154454402,劉政鴻,邱炳坤,4153,3435,69.999081135716,劉政鴻,楊長鎮,7618,3265,,,,,,,,,苗栗縣,銅鑼鄉
10005130,,87.536626203432,"何智輝 黃達業",徐進榮,16730,2382,87.536626203432,"何智輝 黃達業",徐進榮,16730,2382,56.115187289678,徐享崑,魏早炳,10172,7955,56.115187289678,徐享崑,魏早炳,10172,7955,60.77729141796,劉政鴻,邱炳坤,4582,2957,60.77729141796,劉政鴻,邱炳坤,4582,2957,71.637776449492,劉政鴻,楊長鎮,7191,2847,,,,,,,,,苗栗縣,三義鄉
10005140,,90.986547085202,"何智輝 黃達業",徐進榮,6087,603,90.986547085202,"何智輝 黃達業",徐進榮,6087,603,29.62441314554,徐享崑,魏早炳,3155,7495,29.62441314554,徐享崑,魏早炳,3155,7495,54.493686556078,劉政鴻,邱炳坤,2201,1838,54.493686556078,劉政鴻,邱炳坤,2201,1838,74.0080620080507,劉政鴻,楊長鎮,3488,1225,,,,,,,,,苗栗縣,西湖鄉
10005030,,93.181818181818,"何智輝 黃達業",徐進榮,5043,369,93.181818181818,"何智輝 黃達業",徐進榮,5043,369,53.204411059613,徐享崑,魏早炳,3329,2928,53.204411059613,徐享崑,魏早炳,3329,2928,61.334028139656,劉政鴻,邱炳坤,10593,6678,61.334028139656,劉政鴻,邱炳坤,10593,6678,63.068210294191,劉政鴻,楊長鎮,12584,7369,,,,,,,,,苗栗縣,通霄鎮
10005020,,94.497837578087,"何智輝 黃達業",徐進榮,3933,229,94.497837578087,"何智輝 黃達業",徐進榮,3933,229,69.603642206749,徐享崑,魏早炳,2599,1135,69.603642206749,徐享崑,魏早炳,2599,1135,57.397671798723,劉政鴻,邱炳坤,12228,9076,57.397671798723,劉政鴻,邱炳坤,12228,9076,56.131392730782,劉政鴻,楊長鎮,13961,10911,,,,,,,,,苗栗縣,苑裡鎮
10005060,,86.199919061109,"何智輝 黃達業",徐進榮,4260,682,86.199919061109,"何智輝 黃達業",徐進榮,4260,682,67.183364839319,徐享崑,魏早炳,3554,1736,67.183364839319,徐享崑,魏早炳,3554,1736,79.629345994792,劉政鴻,邱炳坤,15597,3990,79.629345994792,劉政鴻,邱炳坤,15597,3990,69.817073170732,劉政鴻,楊長鎮,13511,5841,,,,,,,,,苗栗縣,後龍鎮
10005150,,94.90704879938,"何智輝 黃達業",徐進榮,4901,263,94.90704879938,"何智輝 黃達業",徐進榮,4901,263,62.942629700796,徐享崑,魏早炳,2293,1350,62.942629700796,徐享崑,魏早炳,2293,1350,67.604070305273,劉政鴻,邱炳坤,3654,1751,67.604070305273,劉政鴻,邱炳坤,3654,1751,70.168011641752,劉政鴻,楊長鎮,5304,2255,,,,,,,,,苗栗縣,造橋鄉
10005040,,91.556379036527,"何智輝 黃達業",徐進榮,3459,319,91.556379036527,"何智輝 黃達業",徐進榮,3459,319,55.457108336689,徐享崑,魏早炳,1377,1106,55.457108336689,徐享崑,魏早炳,1377,1106,69.036144578313,劉政鴻,邱炳坤,17763,7967,69.036144578313,劉政鴻,邱炳坤,17763,7967,56.213456547161,劉政鴻,楊長鎮,19709,15352,,,,,,,,,苗栗縣,竹南鎮
10005050,,95.974458634092,"何智輝 黃達業",徐進榮,3457,145,95.974458634092,"何智輝 黃達業",徐進榮,3457,145,68.476821192053,徐享崑,魏早炳,2068,952,68.476821192053,徐享崑,魏早炳,2068,952,69.255560418573,劉政鴻,邱炳坤,17406,7727,69.255560418573,劉政鴻,邱炳坤,17406,7727,69.831478981425,劉政鴻,楊長鎮,30001,12961,,,,,,,,,苗栗縣,頭份鎮
10005160,,93.532229965157,"何智輝 黃達業",徐進榮,4295,297,93.532229965157,"何智輝 黃達業",徐進榮,4295,297,59.79597959796,徐享崑,魏早炳,1993,1340,59.79597959796,徐享崑,魏早炳,1993,1340,62.349183818311,劉政鴻,邱炳坤,1757,1061,62.349183818311,劉政鴻,邱炳坤,1757,1061,69.352014010508,劉政鴻,楊長鎮,2772,1225,,,,,,,,,苗栗縣,三灣鄉
10005110,,95.720202485044,"何智輝 黃達業",徐進榮,2080,93,95.720202485044,"何智輝 黃達業",徐進榮,2080,93,71.665043816943,徐享崑,魏早炳,1472,582,71.665043816943,徐享崑,魏早炳,1472,582,71.313279530448,劉政鴻,邱炳坤,2916,1173,71.313279530448,劉政鴻,邱炳坤,2916,1173,76.578240429819,劉政鴻,楊長鎮,4561,1395,,,,,,,,,苗栗縣,南庄鄉
10005080,,94.213020703417,"何智輝 黃達業",徐進榮,3777,232,94.213020703417,"何智輝 黃達業",徐進榮,3777,232,56.15338882283,徐享崑,魏早炳,1889,1475,56.15338882283,徐享崑,魏早炳,1889,1475,55.985751897166,劉政鴻,邱炳坤,3615,2842,55.985751897166,劉政鴻,邱炳坤,3615,2842,66.189952328566,劉政鴻,楊長鎮,5415,2766,,,,,,,,,苗栗縣,大湖鄉
10005170,,90.397350993377,"何智輝 黃達業",徐進榮,1911,203,90.397350993377,"何智輝 黃達業",徐進榮,1911,203,53.646408839779,徐享崑,魏早炳,971,839,53.646408839779,徐享崑,魏早炳,971,839,58.780108780109,劉政鴻,邱炳坤,1513,1061,58.780108780109,劉政鴻,邱炳坤,1513,1061,62.896507529638,劉政鴻,楊長鎮,1963,1158,,,,,,,,,苗栗縣,獅潭鄉
10005070,,95.947488584475,"何智輝 黃達業",徐進榮,1681,71,95.947488584475,"何智輝 黃達業",徐進榮,1681,71,72.830494728305,徐享崑,魏早炳,898,335,72.830494728305,徐享崑,魏早炳,898,335,48.563629273365,劉政鴻,邱炳坤,3736,3957,48.563629273365,劉政鴻,邱炳坤,3736,3957,55.153922542205,劉政鴻,楊長鎮,5554,4516,,,,,,,,,苗栗縣,卓蘭鎮
10005180,,98.751560549313,"何智輝 黃達業",徐進榮,1582,20,98.751560549313,"何智輝 黃達業",徐進榮,1582,20,72.54752851711,徐享崑,魏早炳,954,361,72.54752851711,徐享崑,魏早炳,954,361,84.561011904762,劉政鴻,邱炳坤,2273,415,84.561011904762,劉政鴻,邱炳坤,2273,415,82.176613556576,劉政鴻,楊長鎮,3043,660,,,,,,,,,苗栗縣,泰安鄉
66000090,,50.702230811522,"郭榮振 徐中雄",廖永來,30433,29590,50.702230811522,"郭榮振 徐中雄",廖永來,30433,29590,48.093520252066,黃仲生,廖永來,31596,34101,48.093520252066,黃仲生,廖永來,31596,34101,57.244714660771,黃仲生,邱太三,41428,30942,57.244714660771,黃仲生,邱太三,41428,30942,57.244714660771,黃仲生,邱太三,41428,30942,,,,,,,,,臺中縣,豐原市
66000280,,60.714285714286,"郭榮振 徐中雄",廖永來,15181,9823,60.714285714286,"郭榮振 徐中雄",廖永來,15181,9823,55.378083299636,黃仲生,廖永來,13695,11035,55.378083299636,黃仲生,廖永來,13695,11035,59.034577822859,黃仲生,邱太三,45397,31502,59.034577822859,黃仲生,邱太三,45397,31502,59.034577822859,黃仲生,邱太三,45397,31502,,,,,,,,,臺中縣,大里市
66000270,,63.284399482772,"郭榮振 徐中雄",廖永來,16640,9654,63.284399482772,"郭榮振 徐中雄",廖永來,16640,9654,58.467086880239,黃仲生,廖永來,17995,12783,58.467086880239,黃仲生,廖永來,17995,12783,60.72816412942,黃仲生,邱太三,43601,28196,60.72816412942,黃仲生,邱太三,43601,28196,60.72816412942,黃仲生,邱太三,43601,28196,,,,,,,,,臺中縣,太平市
66000100,,65.89414168556,"郭榮振 徐中雄",廖永來,23542,12185,65.89414168556,"郭榮振 徐中雄",廖永來,23542,12185,64.017449586872,黃仲生,廖永來,22159,12455,64.017449586872,黃仲生,廖永來,22159,12455,64.694344557045,黃仲生,邱太三,17811,9720,64.694344557045,黃仲生,邱太三,17811,9720,64.694344557045,黃仲生,邱太三,17811,9720,,,,,,,,,臺中縣,東勢鎮
66000110,,67.56345895496,"郭榮振 徐中雄",廖永來,19111,9175,67.56345895496,"郭榮振 徐中雄",廖永來,19111,9175,65.352613567738,黃仲生,廖永來,19479,10327,65.352613567738,黃仲生,廖永來,19479,10327,55.153937980622,黃仲生,邱太三,19867,16154,55.153937980622,黃仲生,邱太三,19867,16154,55.153937980622,黃仲生,邱太三,19867,16154,,,,,,,,,臺中縣,大甲鎮
66000120,,56.417983885848,"郭榮振 徐中雄",廖永來,9173,7086,56.417983885848,"郭榮振 徐中雄",廖永來,9173,7086,77.621714778113,黃仲生,廖永來,18016,5194,77.621714778113,黃仲生,廖永來,18016,5194,57.73932485965,黃仲生,邱太三,23758,17389,57.73932485965,黃仲生,邱太三,23758,17389,57.73932485965,黃仲生,邱太三,23758,17389,,,,,,,,,臺中縣,清水鎮
66000130,,62.166511391547,"郭榮振 徐中雄",廖永來,14680,8934,62.166511391547,"郭榮振 徐中雄",廖永來,14680,8934,58.970804110259,黃仲生,廖永來,14462,10062,58.970804110259,黃仲生,廖永來,14462,10062,61.784863370297,黃仲生,邱太三,21005,12992,61.784863370297,黃仲生,邱太三,21005,12992,61.784863370297,黃仲生,邱太三,21005,12992,,,,,,,,,臺中縣,沙鹿鎮
66000140,,53.785890400064,"郭榮振 徐中雄",廖永來,13525,11621,53.785890400064,"郭榮振 徐中雄",廖永來,13525,11621,46.805424898087,黃仲生,廖永來,11941,13571,46.805424898087,黃仲生,廖永來,11941,13571,66.851788885111,黃仲生,邱太三,17695,8774,66.851788885111,黃仲生,邱太三,17695,8774,66.851788885111,黃仲生,邱太三,17695,8774,,,,,,,,,臺中縣,梧棲鎮
66000150,,55.83185898696,"郭榮振 徐中雄",廖永來,17041,13481,55.83185898696,"郭榮振 徐中雄",廖永來,17041,13481,49.220088626292,黃仲生,廖永來,16661,17189,49.220088626292,黃仲生,廖永來,16661,17189,62.40522664946,黃仲生,邱太三,15474,9322,62.40522664946,黃仲生,邱太三,15474,9322,62.40522664946,黃仲生,邱太三,15474,9322,,,,,,,,,臺中縣,后里鄉
66000160,,58.356545961003,"郭榮振 徐中雄",廖永來,15503,11063,58.356545961003,"郭榮振 徐中雄",廖永來,15503,11063,53.807490144547,黃仲生,廖永來,16379,14061,53.807490144547,黃仲生,廖永來,16379,14061,56.677878571671,黃仲生,邱太三,16682,12751,56.677878571671,黃仲生,邱太三,16682,12751,56.677878571671,黃仲生,邱太三,16682,12751,,,,,,,,,臺中縣,神岡鄉
66000170,,72.041876930029,"郭榮振 徐中雄",廖永來,9565,3712,72.041876930029,"郭榮振 徐中雄",廖永來,9565,3712,54.753648899282,黃仲生,廖永來,6790,5611,54.753648899282,黃仲生,廖永來,6790,5611,60.562645875751,黃仲生,邱太三,24391,15883,60.562645875751,黃仲生,邱太三,24391,15883,60.562645875751,黃仲生,邱太三,24391,15883,,,,,,,,,臺中縣,潭子鄉
66000180,,61.746511293339,"郭榮振 徐中雄",廖永來,4292,2659,61.746511293339,"郭榮振 徐中雄",廖永來,4292,2659,60.781008568619,黃仲生,廖永來,4327,2792,60.781008568619,黃仲生,廖永來,4327,2792,63.795913615461,黃仲生,邱太三,21919,12439,63.795913615461,黃仲生,邱太三,21919,12439,63.795913615461,黃仲生,邱太三,21919,12439,,,,,,,,,臺中縣,大雅鄉
66000190,,69.611244551197,"郭榮振 徐中雄",廖永來,7825,3416,69.611244551197,"郭榮振 徐中雄",廖永來,7825,3416,69.073315965761,黃仲生,廖永來,9280,4155,69.073315965761,黃仲生,廖永來,9280,4155,62.451507012832,黃仲生,邱太三,8371,5033,62.451507012832,黃仲生,邱太三,8371,5033,62.451507012832,黃仲生,邱太三,8371,5033,,,,,,,,,臺中縣,新社鄉
66000200,,78.749861219052,"郭榮振 徐中雄",廖永來,7093,1914,78.749861219052,"郭榮振 徐中雄",廖永來,7093,1914,67.45531563178,黃仲生,廖永來,6529,3150,67.45531563178,黃仲生,廖永來,6529,3150,64.605543710021,黃仲生,邱太三,5151,2822,64.605543710021,黃仲生,邱太三,5151,2822,64.605543710021,黃仲生,邱太三,5151,2822,,,,,,,,,臺中縣,石岡鄉
66000210,,60.97643524982,"郭榮振 徐中雄",廖永來,14413,9224,60.97643524982,"郭榮振 徐中雄",廖永來,14413,9224,49.96353586919,黃仲生,廖永來,13017,13036,49.96353586919,黃仲生,廖永來,13017,13036,65.271845780907,黃仲生,邱太三,11309,6017,65.271845780907,黃仲生,邱太三,11309,6017,65.271845780907,黃仲生,邱太三,11309,6017,,,,,,,,,臺中縣,外埔鄉
66000220,,64.807191861841,"郭榮振 徐中雄",廖永來,13697,7438,64.807191861841,"郭榮振 徐中雄",廖永來,13697,7438,54.639561571971,黃仲生,廖永來,11665,9684,54.639561571971,黃仲生,廖永來,11665,9684,60.14948859166,黃仲生,邱太三,6116,4052,60.14948859166,黃仲生,邱太三,6116,4052,60.14948859166,黃仲生,邱太三,6116,4052,,,,,,,,,臺中縣,大安鄉
66000230,,57.750950145316,"郭榮振 徐中雄",廖永來,12916,9449,57.750950145316,"郭榮振 徐中雄",廖永來,12916,9449,56.164383561644,黃仲生,廖永來,12587,9824,56.164383561644,黃仲生,廖永來,12587,9824,58.912293668391,黃仲生,邱太三,19130,13342,58.912293668391,黃仲生,邱太三,19130,13342,58.912293668391,黃仲生,邱太三,19130,13342,,,,,,,,,臺中縣,烏日鄉
66000240,,63.055203045685,"郭榮振 徐中雄",廖永來,15900,9316,63.055203045685,"郭榮振 徐中雄",廖永來,15900,9316,52.086330935252,黃仲生,廖永來,14118,12987,52.086330935252,黃仲生,廖永來,14118,12987,57.764925373134,黃仲生,邱太三,15481,11319,57.764925373134,黃仲生,邱太三,15481,11319,57.764925373134,黃仲生,邱太三,15481,11319,,,,,,,,,臺中縣,大肚鄉
66000250,,52.280695445801,"郭榮振 徐中雄",廖永來,29078,26541,52.280695445801,"郭榮振 徐中雄",廖永來,29078,26541,48.76366749035,黃仲生,廖永來,30193,31724,48.76366749035,黃仲生,廖永來,30193,31724,61.085846000498,黃仲生,邱太三,19611,12493,61.085846000498,黃仲生,邱太三,19611,12493,61.085846000498,黃仲生,邱太三,19611,12493,,,,,,,,,臺中縣,龍井鄉
66000260,,48.751777531996,"郭榮振 徐中雄",廖永來,24684,25948,48.751777531996,"郭榮振 徐中雄",廖永來,24684,25948,47.604634809991,黃仲生,廖永來,31142,34276,47.604634809991,黃仲生,廖永來,31142,34276,60.551948051948,黃仲生,邱太三,19396,12636,60.551948051948,黃仲生,邱太三,19396,12636,60.551948051948,黃仲生,邱太三,19396,12636,,,,,,,,,臺中縣,霧峰鄉
66000290,,79.290928050052,"郭榮振 徐中雄",廖永來,3802,993,79.290928050052,"郭榮振 徐中雄",廖永來,3802,993,66.839939354559,黃仲生,廖永來,3086,1531,66.839939354559,黃仲生,廖永來,3086,1531,76.797165035437,黃仲生,邱太三,4551,1375,76.797165035437,黃仲生,邱太三,4551,1375,76.797165035437,黃仲生,邱太三,4551,1375,,,,,,,,,臺中縣,和平鄉
10007010,,53.22635711847,阮剛猛,翁金珠,49888,43840,53.22635711847,阮剛猛,翁金珠,49888,43840,50.336734594998,"葉金鳳 鄭秀珠",翁金珠,51946,51251,50.336734594998,"葉金鳳 鄭秀珠",翁金珠,51946,51251,59.144884479453,卓伯源,翁金珠,65099,44968,59.144884479453,卓伯源,翁金珠,65099,44968,57.363076809671,卓伯源,翁金珠,62255,46273,,,,,,,,,彰化縣,彰化市
10007080,,47.575682313657,阮剛猛,翁金珠,17240,18997,47.575682313657,阮剛猛,翁金珠,17240,18997,45.395277343439,"葉金鳳 鄭秀珠",翁金珠,17129,20604,45.395277343439,"葉金鳳 鄭秀珠",翁金珠,17129,20604,60.069064263455,卓伯源,翁金珠,14264,9482,60.069064263455,卓伯源,翁金珠,14264,9482,60.177459939081,卓伯源,翁金珠,13632,9021,,,,,,,,,彰化縣,花壇鄉
10007090,,53.519671479666,阮剛猛,翁金珠,20201,17544,53.519671479666,阮剛猛,翁金珠,20201,17544,51.785984180563,"葉金鳳 鄭秀珠",翁金珠,20558,19140,51.785984180563,"葉金鳳 鄭秀珠",翁金珠,20558,19140,47.998022738507,卓伯源,翁金珠,6797,7364,47.998022738507,卓伯源,翁金珠,6797,7364,49.384741591468,卓伯源,翁金珠,7224,7404,,,,,,,,,彰化縣,芬園鄉
10007020,,59.057009227658,阮剛猛,翁金珠,4672,3239,59.057009227658,阮剛猛,翁金珠,4672,3239,58.463929542805,"葉金鳳 鄭秀珠",翁金珠,4514,3207,58.463929542805,"葉金鳳 鄭秀珠",翁金珠,4514,3207,51.898435038336,卓伯源,翁金珠,19765,18319,51.898435038336,卓伯源,翁金珠,19765,18319,52.818419250957,卓伯源,翁金珠,20830,18607,,,,,,,,,彰化縣,鹿港鎮
10007060,,48.921823417855,阮剛猛,翁金珠,6965,7272,48.921823417855,阮剛猛,翁金珠,6965,7272,49.208756428854,"葉金鳳 鄭秀珠",翁金珠,7463,7703,49.208756428854,"葉金鳳 鄭秀珠",翁金珠,7463,7703,52.020450299872,卓伯源,翁金珠,10582,9760,52.020450299872,卓伯源,翁金珠,10582,9760,55.337690631808,卓伯源,翁金珠,15240,12300,,,,,,,,,彰化縣,福興鄉
10007070,,49.441314553991,阮剛猛,翁金珠,10531,10769,49.441314553991,阮剛猛,翁金珠,10531,10769,47.751012577276,"葉金鳳 鄭秀珠",翁金珠,11200,12255,47.751012577276,"葉金鳳 鄭秀珠",翁金珠,11200,12255,53.469192295413,卓伯源,翁金珠,10049,8745,53.469192295413,卓伯源,翁金珠,10049,8745,55.280285534327,卓伯源,翁金珠,10532,8520,,,,,,,,,彰化縣,秀水鄉
10007030,,46.392705316986,阮剛猛,翁金珠,7530,8701,46.392705316986,阮剛猛,翁金珠,7530,8701,44.266131728519,"葉金鳳 鄭秀珠",翁金珠,7944,10002,44.266131728519,"葉金鳳 鄭秀珠",翁金珠,7944,10002,58.342491869463,卓伯源,翁金珠,26012,18573,58.342491869463,卓伯源,翁金珠,26012,18573,57.323792860314,卓伯源,翁金珠,21951,16342,,,,,,,,,彰化縣,和美鎮
10007040,,53.213959963516,阮剛猛,翁金珠,11085,9746,53.213959963516,阮剛猛,翁金珠,11085,9746,52.789338321253,"葉金鳳 鄭秀珠",翁金珠,11289,10096,52.789338321253,"葉金鳳 鄭秀珠",翁金珠,11289,10096,64.267015706806,卓伯源,翁金珠,5892,3276,64.267015706806,卓伯源,翁金珠,5892,3276,66.028653295129,卓伯源,翁金珠,5761,2964,,,,,,,,,彰化縣,線西鄉
10007050,,47.959422551697,阮剛猛,翁金珠,6146,6669,47.959422551697,阮剛猛,翁金珠,6146,6669,38.945839050771,"葉金鳳 鄭秀珠",翁金珠,4825,7564,38.945839050771,"葉金鳳 鄭秀珠",翁金珠,4825,7564,61.433589331428,卓伯源,翁金珠,10319,6478,61.433589331428,卓伯源,翁金珠,10319,6478,62.16073316884,卓伯源,翁金珠,10581,6441,,,,,,,,,彰化縣,伸港鄉
10007100,,51.385400015224,阮剛猛,翁金珠,27002,25546,51.385400015224,阮剛猛,翁金珠,27002,25546,55.180814894275,"葉金鳳 鄭秀珠",翁金珠,30350,24651,55.180814894275,"葉金鳳 鄭秀珠",翁金珠,30350,24651,60.6239647547,卓伯源,翁金珠,35502,23059,60.6239647547,卓伯源,翁金珠,35502,23059,55.259530597987,卓伯源,翁金珠,29266,23695,,,,,,,,,彰化縣,員林鎮
10007130,,52.547572654533,阮剛猛,翁金珠,12675,11446,52.547572654533,阮剛猛,翁金珠,12675,11446,51.3667610001905,"葉金鳳 鄭秀珠",翁金珠,12703,12027,51.366761019005,"葉金鳳 鄭秀珠",翁金珠,12703,12027,59.47752126367,卓伯源,翁金珠,10769,7337,59.47752126367,卓伯源,翁金珠,10769,7337,59.507891275756,卓伯源,翁金珠,10859,7389,,,,,,,,,彰化縣,大村鄉
10007160,,51.08568212728,阮剛猛,翁金珠,10893,10430,51.08568212728,阮剛猛,翁金珠,10893,10430,51.823540246823,"葉金鳳 鄭秀珠",翁金珠,11254,10462,51.823540246823,"葉金鳳 鄭秀珠",翁金珠,11254,10462,60.218239273194,卓伯源,翁金珠,12196,8057,60.218239273194,卓伯源,翁金珠,12196,8057,54.425244968918,卓伯源,翁金珠,10331,8651,,,,,,,,,彰化縣,永靖鄉
10007110,,50.100960655938,阮剛猛,翁金珠,8188,8155,50.100960655938,阮剛猛,翁金珠,8188,8155,52.097461441517,"葉金鳳 鄭秀珠",翁金珠,8681,7982,52.097461441517,"葉金鳳 鄭秀珠",翁金珠,8681,7982,59.924547104673,卓伯源,翁金珠,16837,11260,59.924547104673,卓伯源,翁金珠,16837,11260,55.797703580601,卓伯源,翁金珠,14773,11703,,,,,,,,,彰化縣,溪湖鎮
10007140,,56.581234927934,阮剛猛,翁金珠,10089,7742,56.581234927934,阮剛猛,翁金珠,10089,7742,53.89077126285,"葉金鳳 鄭秀珠",翁金珠,9384,8029,53.89077126285,"葉金鳳 鄭秀珠",翁金珠,9384,8029,61.026726647261,卓伯源,翁金珠,11531,7364,61.026726647261,卓伯源,翁金珠,11531,7364,62.354448715806,卓伯源,翁金珠,11192,6757,,,,,,,,,彰化縣,埔鹽鄉
10007150,,45.803958785249,阮剛猛,翁金珠,6757,7995,45.803958785249,阮剛猛,翁金珠,6757,7995,45.772787318362,"葉金鳳 鄭秀珠",翁金珠,7623,9031,45.772787318362,"葉金鳳 鄭秀珠",翁金珠,7623,9031,56.559751408859,卓伯源,翁金珠,10739,8248,56.559751408859,卓伯源,翁金珠,10739,8248,51.163623344074,卓伯源,翁金珠,8574,8184,,,,,,,,,彰化縣,埔心鄉
10007120,,47.395861917568,阮剛猛,翁金珠,8636,9585,47.395861917568,阮剛猛,翁金珠,8636,9585,50.52064445941,"葉金鳳 鄭秀珠",翁金珠,9752,9551,50.52064445941,"葉金鳳 鄭秀珠",翁金珠,9752,9551,63.384182529564,卓伯源,翁金珠,14418,8329,63.384182529564,卓伯源,翁金珠,14418,8329,59.652716808116,卓伯源,翁金珠,12230,8272,,,,,,,,,彰化縣,田中鎮
10007170,,48.296989579313,阮剛猛,翁金珠,10011,10717,48.296989579313,阮剛猛,翁金珠,10011,10717,50.349976668222,"葉金鳳 鄭秀珠",翁金珠,10790,10640,50.349976668222,"葉金鳳 鄭秀珠",翁金珠,10790,10640,56.326776050168,卓伯源,翁金珠,13114,10168,56.326776050168,卓伯源,翁金珠,13114,10168,52.190213101815,卓伯源,翁金珠,10580,9692,,,,,,,,,彰化縣,社頭鄉
10007180,,48.710245519528,阮剛猛,翁金珠,4702,4951,48.710245519528,阮剛猛,翁金珠,4702,4951,45.552731893266,"葉金鳳 鄭秀珠",翁金珠,4302,5142,45.552731893266,"葉金鳳 鄭秀珠",翁金珠,4302,5142,53.148640359845,卓伯源,翁金珠,5199,4583,53.148640359845,卓伯源,翁金珠,5199,4583,48.391890457489,卓伯源,翁金珠,4559,4862,,,,,,,,,彰化縣,二水鄉
10007190,,48.333448825445,阮剛猛,翁金珠,6975,7456,48.333448825445,阮剛猛,翁金珠,6975,7456,46.71453437772,"葉金鳳 鄭秀珠",翁金珠,6441,7347,46.71453437772,"葉金鳳 鄭秀珠",翁金珠,6441,7347,58.067173637516,卓伯源,翁金珠,9163,6617,58.067173637516,卓伯源,翁金珠,9163,6617,54.450200141276,卓伯源,翁金珠,9250,7738,,,,,,,,,彰化縣,北斗鎮
10007260,,56.294106051646,阮剛猛,翁金珠,14279,11086,56.294106051646,阮剛猛,翁金珠,14279,11086,52.771026734133,"葉金鳳 鄭秀珠",翁金珠,13245,11854,52.771026734133,"葉金鳳 鄭秀珠",翁金珠,13245,11854,47.024766806047,卓伯源,翁金珠,7310,8235,47.024766806047,卓伯源,翁金珠,7310,8235,43.53767080356,卓伯源,翁金珠,6946,9008,,,,,,,,,彰化縣,溪州鄉
10007210,,55.671926969075,阮剛猛,翁金珠,7867,6264,55.671926969075,阮剛猛,翁金珠,7867,6264,48.892334957909,"葉金鳳 鄭秀珠",翁金珠,6621,6921,48.892334957909,"葉金鳳 鄭秀珠",翁金珠,6621,6921,60.532528856243,卓伯源,翁金珠,9230,6018,60.532528856243,卓伯源,翁金珠,9230,6018,56.662704701532,卓伯源,翁金珠,8581,6563,,,,,,,,,彰化縣,田尾鄉
10007220,,44.285999866729,阮剛猛,翁金珠,6646,8361,44.285999866729,阮剛猛,翁金珠,6646,8361,43.744436074779,"葉金鳳 鄭秀珠",翁金珠,6388,8215,43.744436074779,"葉金鳳 鄭秀珠",翁金珠,6388,8215,55.963361516782,卓伯源,翁金珠,8737,6875,55.963361516782,卓伯源,翁金珠,8737,6875,50.988064957934,卓伯源,翁金珠,7818,7515,,,,,,,,,彰化縣,埤頭鄉
10007200,,41.293704279707,阮剛猛,翁金珠,7169,10192,41.293704279707,阮剛猛,翁金珠,7169,10192,46.410328374965,"葉金鳳 鄭秀珠",翁金珠,8268,9547,46.410328374965,"葉金鳳 鄭秀珠",翁金珠,8268,9547,61.588184448871,卓伯源,翁金珠,16388,10221,61.588184448871,卓伯源,翁金珠,16388,10221,58.502706567256,卓伯源,翁金珠,17184,12189,,,,,,,,,彰化縣,二林鎮
10007230,,57.666126418152,阮剛猛,翁金珠,5337,3918,57.666126418152,阮剛猛,翁金珠,5337,3918,56.688358640636,"葉金鳳 鄭秀珠",翁金珠,5488,4193,56.688358640636,"葉金鳳 鄭秀珠",翁金珠,5488,4193,51.847012112379,卓伯源,翁金珠,10316,9581,51.847012112379,卓伯源,翁金珠,10316,9581,49.54469667821,卓伯源,翁金珠,7726,7868,,,,,,,,,彰化縣,芳苑鄉
10007240,,47.093996651519,阮剛猛,翁金珠,3938,4424,47.093996651519,阮剛猛,翁金珠,3938,4424,40.917661847894,"葉金鳳 鄭秀珠",翁金珠,3255,4700,40.917661847894,"葉金鳳 鄭秀珠",翁金珠,3255,4700,62.766292370658,卓伯源,翁金珠,5981,3548,62.766292370658,卓伯源,翁金珠,5981,3548,59.363751337679,卓伯源,翁金珠,6102,4177,,,,,,,,,彰化縣,大城鄉
10007250,,32.915717539863,阮剛猛,翁金珠,4913,10013,32.915717539863,阮剛猛,翁金珠,4913,10013,35.212423889991,"葉金鳳 鄭秀珠",翁金珠,5147,9470,35.212423889991,"葉金鳳 鄭秀珠",翁金珠,5147,9470,50.535024820739,卓伯源,翁金珠,4581,4484,50.535024820739,卓伯源,翁金珠,4581,4484,47.819417050186,卓伯源,翁金珠,4364,4762,,,,,,,,,彰化縣,竹塘鄉
10008010,,64.889148191365,"許惠祐 陳振盛",林宗男,22244,12036,64.889148191365,"許惠祐 陳振盛",林宗男,22244,12036,60.528579066038,"陳振盛 林明溱 張明雄",林宗男,26040,16981,60.528579066038,"陳振盛 林明溱 張明雄",林宗男,26040,16981,65.098465567938,李朝卿,蔡煌瑯,26346,14125,65.098465567938,李朝卿,蔡煌瑯,26346,14125,54.040130151844,李朝卿,李文忠,23916,20340,,,,,,,,,南投縣,南投市
10008020,,52.177707588729,"許惠祐 陳振盛",林宗男,12555,11507,52.177707588729,"許惠祐 陳振盛",林宗男,12555,11507,56.391023295524,"陳振盛 林明溱 張明雄",林宗男,18494,14302,56.391023295524,"陳振盛 林明溱 張明雄",林宗男,18494,14302,57.687786165079,李朝卿,蔡煌瑯,18647,13677,57.687786165079,李朝卿,蔡煌瑯,18647,13677,54.458387499005,李朝卿,李文忠,20527,17166,,,,,,,,,南投縣,埔里鎮
10008030,,49.862232474689,"許惠祐 陳振盛",林宗男,15563,15649,49.862232474689,"許惠祐 陳振盛",林宗男,15563,15649,46.916162446154,"陳振盛 林明溱 張明雄",林宗男,18842,21319,46.916162446154,"陳振盛 林明溱 張明雄",林宗男,18842,21319,64.599447128138,李朝卿,蔡煌瑯,23135,12678,64.599447128138,李朝卿,蔡煌瑯,23135,12678,58.591378263509,李朝卿,李文忠,27020,19096,,,,,,,,,南投縣,草屯鎮
10008040,,46.358272596559,"許惠祐 陳振盛",林宗男,9350,10819,46.358272596559,"許惠祐 陳振盛",林宗男,9350,10819,56.582701557023,"陳振盛 林明溱 張明雄",林宗男,13882,10652,56.582701557023,"陳振盛 林明溱 張明雄",林宗男,13882,10652,55.922600889044,李朝卿,蔡煌瑯,12832,10114,55.922600889044,李朝卿,蔡煌瑯,12832,10114,50.862353070416,李朝卿,李文忠,13890,13419,,,,,,,,,南投縣,竹山鎮
10008050,,58.843959315306,"許惠祐 陳振盛",林宗男,2372,1659,58.843959315306,"許惠祐 陳振盛",林宗男,2372,1659,66.329160530191,"陳振盛 林明溱 張明雄",林宗男,3603,1829,66.329160530191,"陳振盛 林明溱 張明雄",林宗男,3603,1829,55.274343122102,李朝卿,蔡煌瑯,2861,2315,55.274343122102,李朝卿,蔡煌瑯,2861,2315,53.632637853949,李朝卿,李文忠,2879,2489,,,,,,,,,南投縣,集集鎮
10008060,,53.732995887377,"許惠祐 陳振盛",林宗男,6794,5850,53.732995887377,"許惠祐 陳振盛",林宗男,6794,5850,48.597147533318,"陳振盛 林明溱 張明雄",林宗男,8314,8794,48.597147533318,"陳振盛 林明溱 張明雄",林宗男,8314,8794,50.727994705493,李朝卿,蔡煌瑯,9198,8934,50.727994705493,李朝卿,蔡煌瑯,9198,8934,48.439474053624,李朝卿,李文忠,10352,11019,,,,,,,,,南投縣,名間鄉
10008070,,56.439507655359,"許惠祐 陳振盛",林宗男,3760,2902,56.439507655359,"許惠祐 陳振盛",林宗男,3760,2902,56.556875229582,"陳振盛 林明溱 張明雄",林宗男,4619,3548,56.556875229582,"陳振盛 林明溱 張明雄",林宗男,4619,3548,54.883775534163,李朝卿,蔡煌瑯,4675,3843,54.883775534163,李朝卿,蔡煌瑯,4675,3843,56.386843397153,李朝卿,李文忠,5743,4442,,,,,,,,,南投縣,鹿谷鄉
10008080,,46.294239009681,"許惠祐 陳振盛",林宗男,2917,3384,46.294239009681,"許惠祐 陳振盛",林宗男,2917,3384,48.960543063216,"陳振盛 林明溱 張明雄",林宗男,3462,3609,48.960543063216,"陳振盛 林明溱 張明雄",林宗男,3462,3609,54.721615720524,李朝卿,蔡煌瑯,4010,3318,54.721615720524,李朝卿,蔡煌瑯,4010,3318,57.465412285556,李朝卿,李文忠,5192,3843,,,,,,,,,南投縣,中寮鄉
10008090,,47.282051282051,"許惠祐 陳振盛",林宗男,2766,3084,47.282051282051,"許惠祐 陳振盛",林宗男,2766,3084,49.487216524628,"陳振盛 林明溱 張明雄",林宗男,3426,3497,49.487216524628,"陳振盛 林明溱 張明雄",林宗男,3426,3497,51.346153846154,李朝卿,蔡煌瑯,3738,3542,51.346153846154,李朝卿,蔡煌瑯,3738,3542,54.367699339766,李朝卿,李文忠,4282,3594,,,,,,,,,南投縣,魚池鄉
10008100,,61.926298157454,"許惠祐 陳振盛",林宗男,3697,2273,61.926298157454,"許惠祐 陳振盛",林宗男,3697,2273,58.214861497875,"陳振盛 林明溱 張明雄",林宗男,3972,2851,58.214861497875,"陳振盛 林明溱 張明雄",林宗男,3972,2851,55.874092009685,李朝卿,蔡煌瑯,5769,4556,55.874092009685,李朝卿,蔡煌瑯,5769,4556,61.160665124986,李朝卿,李文忠,5554,3527,,,,,,,,,南投縣,國姓鄉
10008110,,43.379587602127,"許惠祐 陳振盛",林宗男,3345,4366,43.379587602127,"許惠祐 陳振盛",林宗男,3345,4366,54.620893486416,"陳振盛 林明溱 張明雄",林宗男,4805,3992,54.620893486416,"陳振盛 林明溱 張明雄",林宗男,4805,3992,56.258064516129,李朝卿,蔡煌瑯,5232,4068,56.258064516129,李朝卿,蔡煌瑯,5232,4068,59.462805981522,李朝卿,李文忠,6243,4256,,,,,,,,,南投縣,水里鄉
10008120,,62.430588608599,"許惠祐 陳振盛",林宗男,3935,2368,62.430588608599,"許惠祐 陳振盛",林宗男,3935,2368,65.682485701036,"陳振盛 林明溱 張明雄",林宗男,4249,2220,65.682485701036,"陳振盛 林明溱 張明雄",林宗男,4249,2220,74.901554404145,李朝卿,蔡煌瑯,3614,1211,74.901554404145,李朝卿,蔡煌瑯,3614,1211,69.323050556984,李朝卿,李文忠,5663,2506,,,,,,,,,南投縣,信義鄉
10008130,,82.501104728237,"許惠祐 陳振盛",林宗男,3734,792,82.501104728237,"許惠祐 陳振盛",林宗男,3734,792,83.038927052666,"陳振盛 林明溱 張明雄",林宗男,5077,1037,83.038927052666,"陳振盛 林明溱 張明雄",林宗男,5077,1037,80.794248545019,李朝卿,蔡煌瑯,4720,1122,80.794248545019,李朝卿,蔡煌瑯,4720,1122,81.100342075257,李朝卿,李文忠,5690,1326,,,,,,,,,南投縣,仁愛鄉
10009010,,47.420975846977,蘇文雄,廖大林,14627,16218,47.420975846977,蘇文雄,廖大林,14627,16218,60.083132503482,張榮味,林樹山,27175,18054,60.083132503482,張榮味,林樹山,27175,18054,52.917899031107,許舒博,蘇治芬,25943,23082,52.917899031107,許舒博,蘇治芬,25943,23082,45.668815051207,吳威志,蘇治芬,21895,26048,,,,,,,,,雲林縣,斗六市
10009020,,58.867177838239,蘇文雄,廖大林,9520,6652,58.867177838239,蘇文雄,廖大林,9520,6652,58.537777777778,張榮味,林樹山,13171,9329,58.537777777778,張榮味,林樹山,13171,9329,46.480384582368,許舒博,蘇治芬,10829,12469,46.480384582368,許舒博,蘇治芬,10829,12469,35.296220176928,吳威志,蘇治芬,7900,14482,,,,,,,,,雲林縣,斗南鎮
10009030,,63.295066708036,蘇文雄,廖大林,14280,8281,63.295066708036,蘇文雄,廖大林,14280,8281,67.92724111412,張榮味,林樹山,20315,9592,67.92724111412,張榮味,林樹山,20315,9592,52.369295331352,許舒博,蘇治芬,17970,16344,52.369295331352,許舒博,蘇治芬,17970,16344,39.114468892033,吳威志,蘇治芬,12995,20228,,,,,,,,,雲林縣,虎尾鎮
10009040,,35.44976300849,蘇文雄,廖大林,6806,12393,35.44976300849,蘇文雄,廖大林,6806,12393,56.024707292339,張榮味,林樹山,12154,9540,56.024707292339,張榮味,林樹山,12154,9540,38.239980389754,許舒博,蘇治芬,9360,15117,38.239980389754,許舒博,蘇治芬,9360,15117,29.674525997957,吳威志,蘇治芬,6683,15838,,,,,,,,,雲林縣,西螺鎮
10009050,,53.821281599059,蘇文雄,廖大林,3662,3142,53.821281599059,蘇文雄,廖大林,3662,3142,70.064905264538,張榮味,林樹山,10687,4566,70.064905264538,張榮味,林樹山,10687,4566,46.531695984069,許舒博,蘇治芬,7010,8055,46.531695984069,許舒博,蘇治芬,7010,8055,32.098054275474,吳威志,蘇治芬,5015,10609,,,,,,,,,雲林縣,土庫鎮
10009060,,45.979994935427,蘇文雄,廖大林,7263,8533,45.979994935427,蘇文雄,廖大林,7263,8533,56.753966018962,張榮味,林樹山,12092,9214,56.753966018962,張榮味,林樹山,12092,9214,30.972961464765,許舒博,蘇治芬,7274,16211,30.972961464765,許舒博,蘇治芬,7274,16211,27.443357018367,吳威志,蘇治芬,6141,16236,,,,,,,,,雲林縣,北港鎮
10009070,,55.780139010945,蘇文雄,廖大林,6982,5535,55.780139010945,蘇文雄,廖大林,6982,5535,61.531290059434,張榮味,林樹山,10560,6602,61.531290059434,張榮味,林樹山,10560,6602,45.304402300814,許舒博,蘇治芬,7955,9604,45.304402300814,許舒博,蘇治芬,7955,9604,36.192345436703,吳威志,蘇治芬,5532,9753,,,,,,,,,雲林縣,古坑鄉
10009080,,60.025579081995,蘇文雄,廖大林,4224,2813,60.025579081995,蘇文雄,廖大林,4224,2813,56.795370286644,張榮味,林樹山,6281,4778,56.795370286644,張榮味,林樹山,6281,4778,44.684759916493,許舒博,蘇治芬,5351,6624,44.684759916493,許舒博,蘇治芬,5351,6624,30.718667835232,吳威志,蘇治芬,3505,7905,,,,,,,,,雲林縣,大埤鄉
10009090,,42.572680207089,蘇文雄,廖大林,4276,5768,42.572680207089,蘇文雄,廖大林,4276,5768,56.930269309278,張榮味,林樹山,8646,6541,56.930269309278,張榮味,林樹山,8646,6541,41.976581932901,許舒博,蘇治芬,6919,9564,41.976581932901,許舒博,蘇治芬,6919,9564,31.797558949454,吳威志,蘇治芬,4976,10673,,,,,,,,,雲林縣,莿桐鄉
10009100,,56.864508393285,蘇文雄,廖大林,3794,2878,56.864508393285,蘇文雄,廖大林,3794,2878,47.176046465051,張榮味,林樹山,4711,5275,47.176046465051,張榮味,林樹山,4711,5275,41.81717143651,許舒博,蘇治芬,4515,6282,41.81717143651,許舒博,蘇治芬,4515,6282,37.287653032172,吳威志,蘇治芬,3929,6608,,,,,,,,,雲林縣,林內鄉
10009110,,53.273278630039,蘇文雄,廖大林,5973,5239,53.273278630039,蘇文雄,廖大林,5973,5239,59.364197112452,張榮味,林樹山,8758,5995,59.364197112452,張榮味,林樹山,8758,5995,36.449638286032,許舒博,蘇治芬,5895,10278,36.449638286032,許舒博,蘇治芬,5895,10278,24.652009886822,吳威志,蘇治芬,3790,11584,,,,,,,,,雲林縣,二崙鄉
10009120,,65.797403801576,蘇文雄,廖大林,5677,2951,65.797403801576,蘇文雄,廖大林,5677,2951,65.300401545572,張榮味,林樹山,8619,4580,65.300401545572,張榮味,林樹山,8619,4580,48.264106310443,許舒博,蘇治芬,6937,7436,48.264106310443,許舒博,蘇治芬,6937,7436,32.225360272286,吳威志,蘇治芬,4450,9359,,,,,,,,,雲林縣,崙背鄉
10009130,,65.536981909778,蘇文雄,廖大林,5724,3010,65.536981909778,蘇文雄,廖大林,5724,3010,62.663547986258,張榮味,林樹山,8573,5108,62.663547986258,張榮味,林樹山,8573,5108,51.824452108132,許舒博,蘇治芬,9317,8661,51.824452108132,許舒博,蘇治芬,9317,8661,40.093377696683,吳威志,蘇治芬,7471,11163,,,,,,,,,雲林縣,麥寮鄉
10009140,,57.749737118822,蘇文雄,廖大林,2746,2009,57.749737118822,蘇文雄,廖大林,2746,2009,74.323511725797,張榮味,林樹山,6180,2135,74.323511725797,張榮味,林樹山,6180,2135,48.29887320862,許舒博,蘇治芬,4415,4726,48.29887320862,許舒博,蘇治芬,4415,4726,35.17101710171,吳威志,蘇治芬,3126,5762,,,,,,,,,雲林縣,東勢鄉
10009150,,60.957910014514,蘇文雄,廖大林,2520,1614,60.957910014514,蘇文雄,廖大林,2520,1614,68.591957993644,張榮味,林樹山,4964,2273,68.591957993644,張榮味,林樹山,4964,2273,50.935121888301,許舒博,蘇治芬,3949,3804,50.935121888301,許舒博,蘇治芬,3949,3804,33.563218390805,吳威志,蘇治芬,2628,5202,,,,,,,,,雲林縣,褒忠鄉
10009160,,73.344477304873,蘇文雄,廖大林,5704,2073,73.344477304873,蘇文雄,廖大林,5704,2073,66.199692282776,張榮味,林樹山,8175,4174,66.199692282776,張榮味,林樹山,8175,4174,61.332597599669,許舒博,蘇治芬,8892,5606,61.332597599669,許舒博,蘇治芬,8892,5606,43.862300587741,吳威志,蘇治芬,5224,6686,,,,,,,,,雲林縣,臺西鄉
10009170,,62.640725762378,蘇文雄,廖大林,5731,3418,62.640725762378,蘇文雄,廖大林,5731,3418,63.175819497659,張榮味,林樹山,8904,5190,63.175819497659,張榮味,林樹山,8904,5190,46.427655207799,許舒博,蘇治芬,7239,8353,46.427655207799,許舒博,蘇治芬,7239,8353,30.763716929493,吳威志,蘇治芬,4721,10625,,,,,,,,,雲林縣,元長鄉
10009180,,52.405192160855,蘇文雄,廖大林,4118,3740,52.405192160855,蘇文雄,廖大林,4118,3740,66.627368421053,張榮味,林樹山,7912,3963,66.627368421053,張榮味,林樹山,7912,3963,45.54541503694,許舒博,蘇治芬,6288,7518,45.54541503694,許舒博,蘇治芬,6288,7518,32.12238705327,吳威志,蘇治芬,3811,8053,,,,,,,,,雲林縣,四湖鄉
10009190,,63.163213744315,蘇文雄,廖大林,6250,3645,63.163213744315,蘇文雄,廖大林,6250,3645,66.481204080177,張榮味,林樹山,9320,4699,66.481204080177,張榮味,林樹山,9320,4699,36.234363936748,許舒博,蘇治芬,6141,10807,36.234363936748,許舒博,蘇治芬,6141,10807,26.684797028389,吳威志,蘇治芬,4023,11053,,,,,,,,,雲林縣,口湖鄉
10009200,,54.521118381916,蘇文雄,廖大林,5499,4587,54.521118381916,蘇文雄,廖大林,5499,4587,54.733025708635,張榮味,林樹山,8303,6867,54.733025708635,張榮味,林樹山,8303,6867,34.016850452236,許舒博,蘇治芬,5491,10651,34.016850452236,許舒博,蘇治芬,5491,10651,24.937919046437,吳威志,蘇治芬,4017,12091,,,,,,,,,雲林縣,水林鄉
10010010,,65.195729537367,李雅景,何嘉榮,8244,4401,65.195729537367,李雅景,何嘉榮,8244,4401,46.345185411262,翁重鈞,陳明文,6074,7032,46.345185411262,翁重鈞,陳明文,6074,7032,36.603204734521,陳明振,陳明文,6556,11355,36.603204734521,陳明振,陳明文,6556,11355,39.998761456527,翁重鈞,張花冠,6459,9689,,,,,,,,,嘉義縣,太保市
10010110,,67.596219123714,李雅景,何嘉榮,12944,6205,67.596219123714,李雅景,何嘉榮,12944,6205,42.40043644299,翁重鈞,陳明文,7772,10558,42.40043644299,翁重鈞,陳明文,7772,10558,33.676426501449,陳明振,陳明文,3370,6637,33.676426501449,陳明振,陳明文,3370,6637,45.494567253653,翁重鈞,張花冠,4857,5819,,,,,,,,,嘉義縣,鹿草鄉
10010120,,55.91557119052,李雅景,何嘉榮,9060,7143,55.91557119052,李雅景,何嘉榮,9060,7143,53.975503425368,翁重鈞,陳明文,7800,6651,53.975503425368,翁重鈞,陳明文,7800,6651,42.386162568158,陳明振,陳明文,11738,15955,42.386162568158,陳明振,陳明文,11738,15955,45.612864716829,翁重鈞,張花冠,12991,15490,,,,,,,,,嘉義縣,水上鄉
10010050,,45.580962355269,李雅景,何嘉榮,7834,9353,45.580962355269,李雅景,何嘉榮,7834,9353,50.699854328963,翁重鈞,陳明文,8005,7784,50.699854328963,翁重鈞,陳明文,8005,7784,39.30863055668,陳明振,陳明文,13600,20998,39.30863055668,陳明振,陳明文,13600,20998,39.190667152752,翁重鈞,張花冠,15050,23352,,,,,,,,,嘉義縣,民雄鄉
10010070,,31.636114554113,李雅景,何嘉榮,9699,20959,31.636114554113,李雅景,何嘉榮,9699,20959,47.002406445088,翁重鈞,陳明文,13477,15196,0047.02406445088,翁重鈞,陳明文,13477,15196,30.959752321981,陳明振,陳明文,5400,12042,30.959752321981,陳明振,陳明文,5400,12042,32.096283696717,翁重鈞,張花冠,6227,13174,,,,,,,,,嘉義縣,新港鄉
10010040,,37.597940452205,李雅景,何嘉榮,3359,5575,37.597940452205,李雅景,何嘉榮,3359,5575,36.495606774481,翁重鈞,陳明文,2866,4987,36.495606774481,翁重鈞,陳明文,2866,4987,39.454716389846,陳明振,陳明文,7554,11592,39.454716389846,陳明振,陳明文,7554,11592,41.470252310248,翁重鈞,張花冠,7988,11274,,,,,,,,,嘉義縣,大林鎮
10010060,,40.314738996929,李雅景,何嘉榮,6302,9330,40.314738996929,李雅景,何嘉榮,6302,9330,37.191411986852,翁重鈞,陳明文,5318,8981,37.191411986852,翁重鈞,陳明文,5318,8981,27.855059457034,陳明振,陳明文,2483,6431,27.855059457034,陳明振,陳明文,2483,6431,26.99525675397,翁重鈞,張花冠,2618,7080,,,,,,,,,嘉義縣,溪口鄉
10010150,,67.975498664991,李雅景,何嘉榮,8656,4078,67.975498664991,李雅景,何嘉榮,8656,4078,45.547493403694,翁重鈞,陳明文,5524,6604,45.547493403694,翁重鈞,陳明文,5524,6604,30.555555555556,陳明振,陳明文,3542,8050,30.555555555556,陳明振,陳明文,3542,8050,44.872582130795,翁重鈞,張花冠,5846,7182,,,,,,,,,嘉義縣,梅山鄉
10010020,,63.346178548491,李雅景,何嘉榮,9863,5707,63.346178548491,李雅景,何嘉榮,9863,5707,56.970998925886,翁重鈞,陳明文,7956,6009,56.970998925886,翁重鈞,陳明文,7956,6009,37.26152287692,陳明振,陳明文,8828,14864,37.26152287692,陳明振,陳明文,8828,14864,42.975639218844,翁重鈞,張花冠,10673,14162,,,,,,,,,嘉義縣,朴子市
10010080,,54.190902311708,李雅景,何嘉榮,7267,6143,54.190902311708,李雅景,何嘉榮,7267,6143,59.877768076831,翁重鈞,陳明文,7544,5055,59.877768076831,翁重鈞,陳明文,7544,5055,31.438431985414,陳明振,陳明文,4828,10529,31.438431985414,陳明振,陳明文,4828,10529,41.173340428362,翁重鈞,張花冠,6190,8844,,,,,,,,,嘉義縣,六腳鄉
10010090,,64.58398744113,李雅景,何嘉榮,6171,3384,64.58398744113,李雅景,何嘉榮,6171,3384,50.207773160596,翁重鈞,陳明文,4108,4074,50.207773160596,翁重鈞,陳明文,4108,4074,42.491729678639,陳明振,陳明文,7193,9735,42.491729678639,陳明振,陳明文,7193,9735,49.490662139219,翁重鈞,張花冠,8162,8330,,,,,,,,,嘉義縣,東石鄉
10010030,,57.887732881684,李雅景,何嘉榮,14355,10443,57.887732881684,李雅景,何嘉榮,14355,10443,52.57927508144,翁重鈞,陳明文,12751,11500,52.57927508144,翁重鈞,陳明文,12751,11500,41.704877032097,陳明振,陳明文,8004,11188,41.704877032097,陳明振,陳明文,8004,11188,47.128546703729,翁重鈞,張花冠,8986,10081,,,,,,,,,嘉義縣,布袋鎮
10010100,,52.49556625285,李雅景,何嘉榮,10360,9375,52.49556625285,李雅景,何嘉榮,10360,9375,45.827939858608,翁重鈞,陳明文,9205,10881,45.827939858608,翁重鈞,陳明文,9205,10881,35.290823825856,陳明振,陳明文,5042,9245,35.290823825856,陳明振,陳明文,5042,9245,50.132721142119,翁重鈞,張花冠,6988,6951,,,,,,,,,嘉義縣,義竹鄉
10010130,,54.712455710003,李雅景,何嘉榮,10037,8308,54.712455710003,李雅景,何嘉榮,10037,8308,47.606927460853,翁重鈞,陳明文,8604,9469,47.606927460853,翁重鈞,陳明文,8604,9469,37.917574064182,陳明振,陳明文,9228,15109,37.917574064182,陳明振,陳明文,9228,15109,42.548184670551,翁重鈞,張花冠,11391,15381,,,,,,,,,嘉義縣,中埔鄉
10010140,,45.957408410034,李雅景,何嘉榮,5093,5989,45.957408410034,李雅景,何嘉榮,5093,5989,45.680918830229,翁重鈞,陳明文,4733,5628,45.680918830229,翁重鈞,陳明文,4733,5628,34.949464625238,陳明振,陳明文,6985,13001,34.949464625238,陳明振,陳明文,6985,13001,37.044977248862,翁重鈞,張花冠,8467,14389,,,,,,,,,嘉義縣,竹崎鄉
10010160,,61.464968152866,李雅景,何嘉榮,3474,2178,61.464968152866,李雅景,何嘉榮,3474,2178,42.318409808657,翁重鈞,陳明文,2278,3105,42.318409808657,翁重鈞,陳明文,2278,3105,36.940882076947,陳明振,陳明文,2362,4032,36.940882076947,陳明振,陳明文,2362,4032,39.885524928453,翁重鈞,張花冠,2648,3991,,,,,,,,,嘉義縣,番路鄉
10010170,,67.229518449031,李雅景,何嘉榮,1075,524,67.229518449031,李雅景,何嘉榮,1075,524,56.368221941992,翁重鈞,陳明文,894,692,56.368221941992,翁重鈞,陳明文,894,692,46.523830345431,陳明振,陳明文,1064,1223,46.523830345431,陳明振,陳明文,1064,1223,57.520176082172,翁重鈞,張花冠,1568,1158,,,,,,,,,嘉義縣,大埔鄉
10010180,,85.425685425685,李雅景,何嘉榮,2368,404,85.425685425685,李雅景,何嘉榮,2368,404,78.392156862745,翁重鈞,陳明文,1999,551,78.392156862745,翁重鈞,陳明文,1999,551,48.709122203098,陳明振,陳明文,1415,1490,48.709122203098,陳明振,陳明文,1415,1490,65.40350877193,翁重鈞,張花冠,1864,986,,,,,,,,,嘉義縣,阿里山鄉
67000010,,30.685758699031,洪玉欽,陳唐山,10265,23187,30.685758699031,洪玉欽,陳唐山,10265,23187,51.839853300733,吳清基,蘇煥智,16962,15758,51.839853300733,吳清基,蘇煥智,16962,15758,56.076887714056,郭添財,蘇煥智,19517,15287,56.076887714056,郭添財,蘇煥智,19517,15287,56.076887714056,郭添財,蘇煥智,19517,15287,,,,,,,,,臺南縣,新營市
67000020,,19.131390874107,洪玉欽,陳唐山,2784,11768,19.131390874107,洪玉欽,陳唐山,2784,11768,44.994201778121,吳清基,蘇煥智,5820,7115,44.994201778121,吳清基,蘇煥智,5820,7115,42.129287776062,郭添財,蘇煥智,6276,8621,42.129287776062,郭添財,蘇煥智,6276,8621,42.129287776062,郭添財,蘇煥智,6276,8621,,,,,,,,,臺南縣,鹽水鎮
67000030,,32.096674007567,洪玉欽,陳唐山,5684,12025,32.096674007567,洪玉欽,陳唐山,5684,12025,40.383303355455,吳清基,蘇煥智,6511,9612,40.383303355455,吳清基,蘇煥智,6511,9612,44.209078404402,郭添財,蘇煥智,6428,8112,44.209078404402,郭添財,蘇煥智,6428,8112,44.209078404402,郭添財,蘇煥智,6428,8112,,,,,,,,,臺南縣,白河鎮
67000040,,26.385311954806,洪玉欽,陳唐山,3176,8861,26.385311954806,洪玉欽,陳唐山,3176,8861,39.263803680982,吳清基,蘇煥智,4672,7227,39.263803680982,吳清基,蘇煥智,4672,7227,48.606736127938,郭添財,蘇煥智,6018,6363,48.606736127938,郭添財,蘇煥智,6018,6363,48.606736127938,郭添財,蘇煥智,6018,6363,,,,,,,,,臺南縣,柳營鄉
67000050,,23.463687150838,洪玉欽,陳唐山,3486,11371,23.463687150838,洪玉欽,陳唐山,3486,11371,39.692673149729,吳清基,蘇煥智,5347,8124,39.692673149729,吳清基,蘇煥智,5347,8124,42.530535546508,郭添財,蘇煥智,5432,7340,42.530535546508,郭添財,蘇煥智,5432,7340,42.530535546508,郭添財,蘇煥智,5432,7340,,,,,,,,,臺南縣,後壁鄉
67000060,,33.63691038749,洪玉欽,陳唐山,3915,7724,33.63691038749,洪玉欽,陳唐山,3915,7724,45.409850719585,吳清基,蘇煥智,5080,6107,45.409850719585,吳清基,蘇煥智,5080,6107,47.590953785644,郭添財,蘇煥智,5324,5863,47.590953785644,郭添財,蘇煥智,5324,5863,47.590953785644,郭添財,蘇煥智,5324,5863,,,,,,,,,臺南縣,東山鄉
67000070,,28.909673070442,洪玉欽,陳唐山,6862,16874,28.909673070442,洪玉欽,陳唐山,6862,16874,34.626213388242,吳清基,蘇煥智,8240,15557,34.626213388242,吳清基,蘇煥智,8240,15557,37.005649717514,郭添財,蘇煥智,7860,13380,37.005649717514,郭添財,蘇煥智,7860,13380,37.005649717514,郭添財,蘇煥智,7860,13380,,,,,,,,,臺南縣,麻豆鎮
67000080,,44.925464570145,洪玉欽,陳唐山,6600,8091,44.925464570145,洪玉欽,陳唐山,6600,8091,44.279661016949,吳清基,蘇煥智,6061,7627,44.279661016949,吳清基,蘇煥智,6061,7627,50.859032420387,郭添財,蘇煥智,7075,6836,50.859032420387,郭添財,蘇煥智,7075,6836,50.859032420387,郭添財,蘇煥智,7075,6836,,,,,,,,,臺南縣,下營鄉
67000090,,27.180899908173,洪玉欽,陳唐山,3256,8723,27.180899908173,洪玉欽,陳唐山,3256,8723,39.116146328807,吳清基,蘇煥智,4523,7040,39.116146328807,吳清基,蘇煥智,4523,7040,48.396476524416,郭添財,蘇煥智,5659,6034,48.396476524416,郭添財,蘇煥智,5659,6034,48.396476524416,郭添財,蘇煥智,5659,6034,,,,,,,,,臺南縣,六甲鄉
67000100,,34.37810122395,洪玉欽,陳唐山,4157,7935,34.37810122395,洪玉欽,陳唐山,4157,7935,37.302121926575,吳清基,蘇煥智,4430,7446,37.302121926575,吳清基,蘇煥智,4430,7446,43.158509130326,郭添財,蘇煥智,5176,6817,43.158509130326,郭添財,蘇煥智,5176,6817,43.158509130326,郭添財,蘇煥智,5176,6817,,,,,,,,,臺南縣,官田鄉
67000110,,32.930086410055,洪玉欽,陳唐山,2096,4269,32.930086410055,洪玉欽,陳唐山,2096,4269,42.871812425124,吳清基,蘇煥智,2505,3338,42.871812425124,吳清基,蘇煥智,2505,3338,41.024096385542,郭添財,蘇煥智,2724,3916,41.024096385542,郭添財,蘇煥智,2724,3916,41.024096385542,郭添財,蘇煥智,2724,3916,,,,,,,,,臺南縣,大內鄉
67000120,,31.270627062706,洪玉欽,陳唐山,7959,17493,31.270627062706,洪玉欽,陳唐山,7959,17493,48.782369146006,吳清基,蘇煥智,13281,13944,48.782369146006,吳清基,蘇煥智,13281,13944,48.28402811713,郭添財,蘇煥智,12845,13758,48.28402811713,郭添財,蘇煥智,12845,13758,48.28402811713,郭添財,蘇煥智,12845,13758,,,,,,,,,臺南縣,佳里鎮
67000130,,30.780061954379,洪玉欽,陳唐山,4372,9832,30.780061954379,洪玉欽,陳唐山,4372,9832,48.160724391624,吳清基,蘇煥智,6808,7328,48.160724391624,吳清基,蘇煥智,6808,7328,43.88263391334,郭添財,蘇煥智,6431,8224,43.88263391334,郭添財,蘇煥智,6431,8224,43.88263391334,郭添財,蘇煥智,6431,8224,,,,,,,,,臺南縣,學甲鎮
67000140,,29.474212154142,洪玉欽,陳唐山,3526,8437,29.474212154142,洪玉欽,陳唐山,3526,8437,42.5712935245,吳清基,蘇煥智,5404,7290,42.5712935245,吳清基,蘇煥智,5404,7290,43.399065494575,郭添財,蘇煥智,5480,7147,43.399065494575,郭添財,蘇煥智,5480,7147,43.399065494575,郭添財,蘇煥智,5480,7147,,,,,,,,,臺南縣,西港鄉
67000150,,45.547412835887,洪玉欽,陳唐山,6153,7356,45.547412835887,洪玉欽,陳唐山,6153,7356,46.379126730564,吳清基,蘇煥智,6097,7049,46.379126730564,吳清基,蘇煥智,6097,7049,45.31561461794,郭添財,蘇煥智,5456,6584,45.31561461794,郭添財,蘇煥智,5456,6584,45.31561461794,郭添財,蘇煥智,5456,6584,,,,,,,,,臺南縣,七股鄉
67000160,,34.184114898771,洪玉欽,陳唐山,3951,7607,34.184114898771,洪玉欽,陳唐山,3951,7607,45.335302293259,吳清基,蘇煥智,5219,6293,45.335302293259,吳清基,蘇煥智,5219,6293,42.402926280248,郭添財,蘇煥智,4521,6141,42.402926280248,郭添財,蘇煥智,4521,6141,42.402926280248,郭添財,蘇煥智,4521,6141,,,,,,,,,臺南縣,將軍鄉
67000170,,51.958410482837,洪玉欽,陳唐山,3648,3373,51.958410482837,洪玉欽,陳唐山,3648,3373,52.886836027714,吳清基,蘇煥智,3435,3060,52.886836027714,吳清基,蘇煥智,3435,3060,45.945174186179,郭添財,蘇煥智,3218,3786,45.945174186179,郭添財,蘇煥智,3218,3786,45.945174186179,郭添財,蘇煥智,3218,3786,,,,,,,,,臺南縣,北門鄉
67000180,,43.100358422939,洪玉欽,陳唐山,8658,11430,43.100358422939,洪玉欽,陳唐山,8658,11430,53.044463324837,吳清基,蘇煥智,11238,9948,53.044463324837,吳清基,蘇煥智,11238,9948,51.919803291091,郭添財,蘇煥智,10980,10168,51.919803291091,郭添財,蘇煥智,10980,10168,51.919803291091,郭添財,蘇煥智,10980,10168,,,,,,,,,臺南縣,新化鎮
67000190,,29.62830775506,洪玉欽,陳唐山,5811,13802,29.62830775506,洪玉欽,陳唐山,5811,13802,41.579926585206,吳清基,蘇煥智,8269,11618,41.579926585206,吳清基,蘇煥智,8269,11618,43.993867761238,郭添財,蘇煥智,8896,11325,43.993867761238,郭添財,蘇煥智,8896,11325,43.993867761238,郭添財,蘇煥智,8896,11325,,,,,,,,,臺南縣,善化鎮
67000200,,27.003232684504,洪玉欽,陳唐山,3926,10613,27.003232684504,洪玉欽,陳唐山,3926,10613,43.807470353225,吳清基,蘇煥智,6908,8861,43.807470353225,吳清基,蘇煥智,6908,8861,45.985737290085,郭添財,蘇煥智,7996,9392,45.985737290085,郭添財,蘇煥智,7996,9392,45.985737290085,郭添財,蘇煥智,7996,9392,,,,,,,,,臺南縣,新市鄉
67000210,,24.71477567019,洪玉欽,陳唐山,3531,10756,24.71477567019,洪玉欽,陳唐山,3531,10756,44.138166894665,吳清基,蘇煥智,6453,8167,44.138166894665,吳清基,蘇煥智,6453,8167,46.916719643992,郭添財,蘇煥智,6642,7515,46.916719643992,郭添財,蘇煥智,6642,7515,46.916719643992,郭添財,蘇煥智,6642,7515,,,,,,,,,臺南縣,安定鄉
67000220,,38.675109595714,洪玉欽,陳唐山,1588,2518,38.675109595714,洪玉欽,陳唐山,1588,2518,45.886154610987,吳清基,蘇煥智,1846,2177,45.886154610987,吳清基,蘇煥智,1846,2177,45.910599258247,郭添財,蘇煥智,2352,2771,45.910599258247,郭添財,蘇煥智,2352,2771,45.910599258247,郭添財,蘇煥智,2352,2771,,,,,,,,,臺南縣,山上鄉
67000230,,45.104853205512,洪玉欽,陳唐山,3764,4581,45.104853205512,洪玉欽,陳唐山,3764,4581,54.853245646085,吳清基,蘇煥智,4504,3707,54.853245646085,吳清基,蘇煥智,4504,3707,54.194717762817,郭添財,蘇煥智,4186,3538,54.194717762817,郭添財,蘇煥智,4186,3538,54.194717762817,郭添財,蘇煥智,4186,3538,,,,,,,,,臺南縣,玉井鄉
67000240,,41.59803749781,洪玉欽,陳唐山,2374,3333,41.59803749781,洪玉欽,陳唐山,2374,3333,63.773011315656,吳清基,蘇煥智,3776,2145,63.773011315656,吳清基,蘇煥智,3776,2145,56.777529346003,郭添財,蘇煥智,4063,3093,56.777529346003,郭添財,蘇煥智,4063,3093,56.777529346003,郭添財,蘇煥智,4063,3093,,,,,,,,,臺南縣,楠西鄉
67000250,,43.143527404564,洪玉欽,陳唐山,2023,2666,43.143527404564,洪玉欽,陳唐山,2023,2666,59.508061182307,吳清基,蘇煥智,2879,1959,59.508061182307,吳清基,蘇煥智,2879,1959,56.709956709957,郭添財,蘇煥智,3013,2300,56.709956709957,郭添財,蘇煥智,3013,2300,56.709956709957,郭添財,蘇煥智,3013,2300,,,,,,,,,臺南縣,南化鄉
67000260,,43.063167003173,洪玉欽,陳唐山,1493,1974,43.063167003173,洪玉欽,陳唐山,1493,1974,50.98814229249,吳清基,蘇煥智,1677,1612,50.98814229249,吳清基,蘇煥智,1677,1612,46.454326923077,郭添財,蘇煥智,1546,1782,46.454326923077,郭添財,蘇煥智,1546,1782,46.454326923077,郭添財,蘇煥智,1546,1782,,,,,,,,,臺南縣,左鎮鄉
67000270,,41.368779065732,洪玉欽,陳唐山,11920,16894,41.368779065732,洪玉欽,陳唐山,11920,16894,47.587890625,吳清基,蘇煥智,14619,16101,47.587890625,吳清基,蘇煥智,14619,16101,48.638771022393,郭添財,蘇煥智,15704,16583,48.638771022393,郭添財,蘇煥智,15704,16583,48.638771022393,郭添財,蘇煥智,15704,16583,,,,,,,,,臺南縣,仁德鄉
67000280,,34.334602193495,洪玉欽,陳唐山,9110,17423,34.334602193495,洪玉欽,陳唐山,9110,17423,44.696749854904,吳清基,蘇煥智,12322,15246,44.696749854904,吳清基,蘇煥智,12322,15246,48.411502795353,郭添財,蘇煥智,14461,15410,48.411502795353,郭添財,蘇煥智,14461,15410,48.411502795353,郭添財,蘇煥智,14461,15410,,,,,,,,,臺南縣,歸仁鄉
67000290,,36.949868073879,洪玉欽,陳唐山,7002,11948,36.949868073879,洪玉欽,陳唐山,7002,11948,46.335294724889,吳清基,蘇煥智,8977,10397,46.335294724889,吳清基,蘇煥智,8977,10397,60.477331837422,郭添財,蘇煥智,11859,7750,60.477331837422,郭添財,蘇煥智,11859,7750,60.477331837422,郭添財,蘇煥智,11859,7750,,,,,,,,,臺南縣,關廟鄉
67000300,,43.818897637795,洪玉欽,陳唐山,1113,1427,43.818897637795,洪玉欽,陳唐山,1113,1427,50.483558994197,吳清基,蘇煥智,1305,1280,50.483558994197,吳清基,蘇煥智,1305,1280,47.066128531512,郭添財,蘇煥智,1516,1705,47.066128531512,郭添財,蘇煥智,1516,1705,47.066128531512,郭添財,蘇煥智,1516,1705,,,,,,,,,臺南縣,龍崎鄉
67000310,,37.975497874245,洪玉欽,陳唐山,27154,44350,37.975497874245,洪玉欽,陳唐山,27154,44350,50.332908859378,吳清基,蘇煥智,41502,40953,50.332908859378,吳清基,蘇煥智,41502,40953,51.331510179277,郭添財,蘇煥智,42233,40042,51.331510179277,郭添財,蘇煥智,42233,40042,51.331510179277,郭添財,蘇煥智,42233,40042,,,,,,,,,臺南縣,永康市
64000120,,46.434650535523,黃鴻都,余政憲,53196,61365,46.434650535523,黃鴻都,余政憲,53196,61365,33.445376611958,吳光訓,楊秋興,36517,72667,33.445376611958,吳光訓,楊秋興,36517,72667,45.167247240525,林益世,楊秋興,64572,78390,45.167247240525,林益世,楊秋興,64572,78390,45.167247240525,林益世,楊秋興,64572,78390,,,,,,,,,高雄縣,鳳山市
64000130,,44.180471573223,黃鴻都,余政憲,12348,15601,44.180471573223,黃鴻都,余政憲,12348,15601,32.575919361039,吳光訓,楊秋興,7627,15786,32.575919361039,吳光訓,楊秋興,7627,15786,44.107102208058,林益世,楊秋興,15501,19643,44.107102208058,林益世,楊秋興,15501,19643,44.107102208058,林益世,楊秋興,15501,19643,,,,,,,,,高雄縣,林園鄉
64000140,,48.682143856101,黃鴻都,余政憲,22626,23851,48.682143856101,黃鴻都,余政憲,22626,23851,34.681906003399,吳光訓,楊秋興,14899,28060,34.681906003399,吳光訓,楊秋興,14899,28060,39.782281280384,林益世,楊秋興,20867,31586,39.782281280384,林益世,楊秋興,20867,31586,39.782281280384,林益世,楊秋興,20867,31586,,,,,,,,,高雄縣,大寮鄉
64000150,,42.553294573643,黃鴻都,余政憲,8783,11857,42.553294573643,黃鴻都,余政憲,8783,11857,32.779347669908,吳光訓,楊秋興,6844,14035,32.779347669908,吳光訓,楊秋興,6844,14035,32.963174296625,林益世,楊秋興,7510,15273,32.963174296625,林益世,楊秋興,7510,15273,32.963174296625,林益世,楊秋興,7510,15273,,,,,,,,,高雄縣,大樹鄉
64000160,,39.767018565708,黃鴻都,余政憲,5462,8273,39.767018565708,黃鴻都,余政憲,5462,8273,30.174107445295,吳光訓,楊秋興,4454,10307,30.174107445295,吳光訓,楊秋興,4454,10307,33.552943969611,林益世,楊秋興,5653,11195,33.552943969611,林益世,楊秋興,5653,11195,33.552943969611,林益世,楊秋興,5653,11195,,,,,,,,,高雄縣,大社鄉
64000170,,40.15507385817,黃鴻都,余政憲,7095,10574,40.15507385817,黃鴻都,余政憲,7095,10574,29.993021632938,吳光訓,楊秋興,6447,15048,29.993021632938,吳光訓,楊秋興,6447,15048,33.957159798399,林益世,楊秋興,9163,17821,33.957159798399,林益世,楊秋興,9163,17821,33.957159798399,林益世,楊秋興,9163,17821,,,,,,,,,高雄縣,仁武鄉
64000180,,43.376472298968,黃鴻都,余政憲,5966,7788,43.376472298968,黃鴻都,余政憲,5966,7788,38.810040285095,吳光訓,楊秋興,6262,9873,38.810040285095,吳光訓,楊秋興,6262,9873,39.564556962025,林益世,楊秋興,7814,11936,39.564556962025,林益世,楊秋興,7814,11936,39.564556962025,林益世,楊秋興,7814,11936,,,,,,,,,高雄縣,鳥松鄉
64000190,,53.129923327382,黃鴻都,余政憲,20234,17850,53.129923327382,黃鴻都,余政憲,20234,17850,38.239843266653,吳光訓,楊秋興,14834,23958,38.239843266653,吳光訓,楊秋興,14834,23958,44.091816367265,林益世,楊秋興,19881,25209,44.091816367265,林益世,楊秋興,19881,25209,44.091816367265,林益世,楊秋興,19881,25209,,,,,,,,,高雄縣,岡山鎮
64000200,,36.497517926089,黃鴻都,余政憲,6617,11513,36.497517926089,黃鴻都,余政憲,6617,11513,25.180220770444,吳光訓,楊秋興,4471,13285,25.180220770444,吳光訓,楊秋興,4471,13285,31.534509943543,林益世,楊秋興,6200,13461,31.534509943543,林益世,楊秋興,6200,13461,31.534509943543,林益世,楊秋興,6200,13461,,,,,,,,,高雄縣,橋頭鄉
64000210,,48.255700643149,黃鴻都,余政憲,7428,7965,48.255700643149,黃鴻都,余政憲,7428,7965,23.955555555556,吳光訓,楊秋興,3773,11977,23.955555555556,吳光訓,楊秋興,3773,11977,34.496884375721,林益世,楊秋興,5979,11353,34.496884375721,林益世,楊秋興,5979,11353,34.496884375721,林益世,楊秋興,5979,11353,,,,,,,,,高雄縣,燕巢鄉
64000220,,36.578581363004,黃鴻都,余政憲,1841,3192,36.578581363004,黃鴻都,余政憲,1841,3192,35.489649681529,吳光訓,楊秋興,1783,3241,35.489649681529,吳光訓,楊秋興,1783,3241,32.286109464533,林益世,楊秋興,1634,3427,32.286109464533,林益世,楊秋興,1634,3427,32.286109464533,林益世,楊秋興,1634,3427,,,,,,,,,高雄縣,田寮鄉
64000230,,41.629923574368,黃鴻都,余政憲,5665,7943,41.629923574368,黃鴻都,余政憲,5665,7943,35.968208092486,吳光訓,楊秋興,4978,8862,35.968208092486,吳光訓,楊秋興,4978,8862,33.842577216871,林益世,楊秋興,5095,9960,33.842577216871,林益世,楊秋興,5095,9960,33.842577216871,林益世,楊秋興,5095,9960,,,,,,,,,高雄縣,阿蓮鄉
64000240,,52.503515575063,黃鴻都,余政憲,12321,11146,52.503515575063,黃鴻都,余政憲,12321,11146,40.114734044797,吳光訓,楊秋興,9510,14197,40.114734044797,吳光訓,楊秋興,9510,14197,39.7546974721,林益世,楊秋興,11150,16897,39.7546974721,林益世,楊秋興,11150,16897,39.7546974721,林益世,楊秋興,11150,16897,,,,,,,,,高雄縣,路竹鄉
64000250,,45.015202432389,黃鴻都,余政憲,5626,6872,45.015202432389,黃鴻都,余政憲,5626,6872,37.256513520178,吳光訓,楊秋興,4533,7634,37.256513520178,吳光訓,楊秋興,4533,7634,35.474006116208,林益世,楊秋興,5220,9495,35.474006116208,林益世,楊秋興,5220,9495,35.474006116208,林益世,楊秋興,5220,9495,,,,,,,,,高雄縣,湖內鄉
64000260,,54.968413229283,黃鴻都,余政憲,7396,6059,54.968413229283,黃鴻都,余政憲,7396,6059,40.693260760582,吳光訓,楊秋興,5682,8281,40.693260760582,吳光訓,楊秋興,5682,8281,42.166333555408,林益世,楊秋興,7595,10417,42.166333555408,林益世,楊秋興,7595,10417,42.166333555408,林益世,楊秋興,7595,10417,,,,,,,,,高雄縣,茄萣鄉
64000270,,66.494629655461,黃鴻都,余政憲,4767,2402,66.494629655461,黃鴻都,余政憲,4767,2402,47.565769579679,吳光訓,楊秋興,3146,3468,47.565769579679,吳光訓,楊秋興,3146,3468,43.355390129584,林益世,楊秋興,3145,4109,43.355390129584,林益世,楊秋興,3145,4109,43.355390129584,林益世,楊秋興,3145,4109,,,,,,,,,高雄縣,永安鄉
64000280,,49.300861190851,黃鴻都,余政憲,5324,5475,49.300861190851,黃鴻都,余政憲,5324,5475,40.341243381055,吳光訓,楊秋興,4114,6084,40.341243381055,吳光訓,楊秋興,4114,6084,44.385466507177,林益世,楊秋興,5937,7439,44.385466507177,林益世,楊秋興,5937,7439,44.385466507177,林益世,楊秋興,5937,7439,,,,,,,,,高雄縣,彌陀鄉
64000290,,46.068455134135,黃鴻都,余政憲,7968,9328,46.068455134135,黃鴻都,余政憲,7968,9328,37.117534153777,吳光訓,楊秋興,6575,11139,37.117534153777,吳光訓,楊秋興,6575,11139,32.527907988209,林益世,楊秋興,6731,13962,32.527907988209,林益世,楊秋興,6731,13962,32.527907988209,林益世,楊秋興,6731,13962,,,,,,,,,高雄縣,梓官鄉
64000300,,47.048138056312,黃鴻都,余政憲,10360,11660,47.048138056312,黃鴻都,余政憲,10360,11660,33.402434486791,吳光訓,楊秋興,6284,12529,33.402434486791,吳光訓,楊秋興,6284,12529,42.721309808308,林益世,楊秋興,8402,11265,42.721309808308,林益世,楊秋興,8402,11265,42.721309808308,林益世,楊秋興,8402,11265,,,,,,,,,高雄縣,旗山鎮
64000310,,42.944596141989,黃鴻都,余政憲,9751,12955,42.944596141989,黃鴻都,余政憲,9751,12955,28.779984804081,吳光訓,楊秋興,5303,13123,28.779984804081,吳光訓,楊秋興,5303,13123,43.430725730443,林益世,楊秋興,9216,12004,43.430725730443,林益世,楊秋興,9216,12004,43.430725730443,林益世,楊秋興,9216,12004,,,,,,,,,高雄縣,美濃鎮
64000320,,33.893871449925,黃鴻都,余政憲,2721,5307,33.893871449925,黃鴻都,余政憲,2721,5307,36.643733173796,吳光訓,楊秋興,2450,4236,36.643733173796,吳光訓,楊秋興,2450,4236,35.80908032596,林益世,楊秋興,3076,5514,35.80908032596,林益世,楊秋興,3076,5514,35.80908032596,林益世,楊秋興,3076,5514,,,,,,,,,高雄縣,六龜鄉
64000330,,51.649773560492,黃鴻都,余政憲,2395,2242,51.649773560492,黃鴻都,余政憲,2395,2242,49.936175644626,吳光訓,楊秋興,1956,1961,49.936175644626,吳光訓,楊秋興,1956,1961,53.14795383001,林益世,楊秋興,3039,2679,53.14795383001,林益世,楊秋興,3039,2679,53.14795383001,林益世,楊秋興,3039,2679,,,,,,,,,高雄縣,甲仙鄉
64000340,,39.398260373592,黃鴻都,余政憲,2763,4250,39.398260373592,黃鴻都,余政憲,2763,4250,45.241325838341,吳光訓,楊秋興,2334,2825,45.241325838341,吳光訓,楊秋興,2334,2825,47.579358042206,林益世,楊秋興,2683,2956,47.579358042206,林益世,楊秋興,2683,2956,47.579358042206,林益世,楊秋興,2683,2956,,,,,,,,,高雄縣,杉林鄉
64000350,,41.64107064502,黃鴻都,余政憲,3796,5320,41.64107064502,黃鴻都,余政憲,3796,5320,41.905855338691,吳光訓,楊秋興,3285,4554,41.905855338691,吳光訓,楊秋興,3285,4554,42.358266867859,林益世,楊秋興,3930,5348,42.358266867859,林益世,楊秋興,3930,5348,42.358266867859,林益世,楊秋興,3930,5348,,,,,,,,,高雄縣,內門鄉
64000360,,71.194968553459,黃鴻都,余政憲,566,229,71.194968553459,黃鴻都,余政憲,566,229,86.920980926431,吳光訓,楊秋興,638,96,86.920980926431,吳光訓,楊秋興,638,96,71.58081705151,林益世,楊秋興,806,320,71.58081705151,林益世,楊秋興,806,320,71.58081705151,林益世,楊秋興,806,320,,,,,,,,,高雄縣,茂林鄉
64000370,,60.843039378813,黃鴻都,余政憲,1097,706,60.843039378813,黃鴻都,余政憲,1097,706,78.359621451104,吳光訓,楊秋興,1242,343,78.359621451104,吳光訓,楊秋興,1242,343,69.403784362728,林益世,楊秋興,1944,857,69.403784362728,林益世,楊秋興,1944,857,69.403784362728,林益世,楊秋興,1944,857,,,,,,,,,高雄縣,桃源鄉
10013010,,46.372826344201,曾永權,蘇嘉全,41148,47585,46.372826344201,曾永權,蘇嘉全,41148,47585,52.511553353595,王進士,蘇嘉全,50451,45625,52.511553353595,王進士,蘇嘉全,50451,45625,57.587915012077,王進士,曹啟鴻,56268,41440,57.587915012077,王進士,曹啟鴻,56268,41440,43.35077105922,周典論,曹啟鴻,44500,58151,,,,,,,,,屏東縣,屏東市
10013020,,39.664352344848,曾永權,蘇嘉全,9312,14165,39.664352344848,曾永權,蘇嘉全,9312,14165,37.506454303531,王進士,蘇嘉全,9443,15734,37.506454303531,王進士,蘇嘉全,9443,15734,44.844257747484,王進士,曹啟鴻,11316,13918,44.844257747484,王進士,曹啟鴻,11316,13918,35.655396717344,周典論,曹啟鴻,9428,17014,,,,,,,,,屏東縣,潮州鎮
10013030,,38.687347108728,曾永權,蘇嘉全,7433,11780,38.687347108728,曾永權,蘇嘉全,7433,11780,36.033279143158,王進士,蘇嘉全,7536,13378,36.033279143158,王進士,蘇嘉全,7536,13378,44.614641217685,王進士,曹啟鴻,9233,11462,44.614641217685,王進士,曹啟鴻,9233,11462,37.588594370929,周典論,曹啟鴻,9175,15234,,,,,,,,,屏東縣,東港鎮
10013040,,41.231919388916,曾永權,蘇嘉全,5074,7232,41.231919388916,曾永權,蘇嘉全,5074,7232,36.844978165939,王進士,蘇嘉全,4725,8099,36.844978165939,王進士,蘇嘉全,4725,8099,47.693510555121,王進士,曹啟鴻,5490,6021,47.693510555121,王進士,曹啟鴻,5490,6021,46.314465408805,周典論,曹啟鴻,5523,6402,,,,,,,,,屏東縣,恆春鎮
10013050,,42.651168441942,曾永權,蘇嘉全,10531,14160,42.651168441942,曾永權,蘇嘉全,10531,14160,43.947851353418,王進士,蘇嘉全,11495,14661,43.947851353418,王進士,蘇嘉全,11495,14661,44.984188669181,王進士,曹啟鴻,11807,14440,44.984188669181,王進士,曹啟鴻,11807,14440,40.037735849057,周典論,曹啟鴻,11671,17479,,,,,,,,,屏東縣,萬丹鄉
10013060,,31.062013903228,曾永權,蘇嘉全,4513,10016,31.062013903228,曾永權,蘇嘉全,4513,10016,32.752567936549,王進士,蘇嘉全,5038,10344,32.752567936549,王進士,蘇嘉全,5038,10344,44.33166547534,王進士,曹啟鴻,6202,7788,44.33166547534,王進士,曹啟鴻,6202,7788,35.507155410495,周典論,曹啟鴻,5657,10275,,,,,,,,,屏東縣,長治鄉
10013070,,33.931317273193,曾永權,蘇嘉全,1986,3867,33.931317273193,曾永權,蘇嘉全,1986,3867,38.533927686974,王進士,蘇嘉全,2334,3723,38.533927686974,王進士,蘇嘉全,2334,3723,40.886850152905,王進士,曹啟鴻,2674,3866,40.886850152905,王進士,曹啟鴻,2674,3866,29.501734468622,周典論,曹啟鴻,1871,4471,,,,,,,,,屏東縣,麟洛鄉
10013080,,34.383462718902,曾永權,蘇嘉全,3809,7269,34.383462718902,曾永權,蘇嘉全,3809,7269,38.966971187632,王進士,蘇嘉全,4436,6948,38.966971187632,王進士,蘇嘉全,4436,6948,35.469843070524,王進士,曹啟鴻,3752,6826,35.469843070524,王進士,曹啟鴻,3752,6826,31.116774791474,周典論,曹啟鴻,4029,8919,,,,,,,,,屏東縣,九如鄉
10013090,,36.365786361845,曾永權,蘇嘉全,4613,8072,36.365786361845,曾永權,蘇嘉全,4613,8072,33.458416296523,王進士,蘇嘉全,4369,8689,33.458416296523,王進士,蘇嘉全,4369,8689,36.042268511479,王進士,曹啟鴻,4741,8413,36.042268511479,王進士,曹啟鴻,4741,8413,34.361580303464,周典論,曹啟鴻,4801,9171,,,,,,,,,屏東縣,里港鄉
10013100,,56.919400391049,曾永權,蘇嘉全,7860,5949,56.919400391049,曾永權,蘇嘉全,7860,5949,44.234629395584,王進士,蘇嘉全,5950,7501,44.234629395584,王進士,蘇嘉全,5950,7501,51.036840106343,王進士,曹啟鴻,6719,6446,51.036840106343,王進士,曹啟鴻,6719,6446,45.995525727069,周典論,曹啟鴻,7196,8449,,,,,,,,,屏東縣,鹽埔鄉
10013110,,32.127372236833,曾永權,蘇嘉全,4520,9549,32.127372236833,曾永權,蘇嘉全,4520,9549,30.6300729081814,王進士,蘇嘉全,4269,9665,30.637290081814,王進士,蘇嘉全,4269,9665,36.205183089978,王進士,曹啟鴻,4736,8345,36.205183089978,王進士,曹啟鴻,4736,8345,31.462157405079,周典論,曹啟鴻,5005,10903,,,,,,,,,屏東縣,高樹鄉
10013120,,36.028356823361,曾永權,蘇嘉全,4269,7580,36.028356823361,曾永權,蘇嘉全,4269,7580,32.680395111334,王進士,蘇嘉全,3904,8042,32.680395111334,王進士,蘇嘉全,3904,8042,35.307431158054,王進士,曹啟鴻,3744,6860,35.307431158054,王進士,曹啟鴻,3744,6860,32.166765528345,周典論,曹啟鴻,3796,8005,,,,,,,,,屏東縣,萬巒鄉
10013130,,34.757062941984,曾永權,蘇嘉全,9879,18544,34.757062941984,曾永權,蘇嘉全,9879,18544,37.141239338925,王進士,蘇嘉全,10495,17762,37.141239338925,王進士,蘇嘉全,10495,17762,41.471183392041,王進士,曹啟鴻,11067,15619,41.471183392041,王進士,曹啟鴻,11067,15619,34.392117683536,周典論,曹啟鴻,9983,19044,,,,,,,,,屏東縣,內埔鄉
10013140,,38.368983957219,曾永權,蘇嘉全,3731,5993,38.368983957219,曾永權,蘇嘉全,3731,5993,36.069423175089,王進士,蘇嘉全,3533,6262,36.069423175089,王進士,蘇嘉全,3533,6262,39.051870748299,王進士,曹啟鴻,3674,5734,39.051870748299,王進士,曹啟鴻,3674,5734,33.290989928319,周典論,曹啟鴻,3669,7352,,,,,,,,,屏東縣,竹田鄉
10013150,,41.927216811891,曾永權,蘇嘉全,2454,3399,41.927216811891,曾永權,蘇嘉全,2454,3399,36.01453035807,王進士,蘇嘉全,2082,3699,36.01453035807,王進士,蘇嘉全,2082,3699,43.986313088109,王進士,曹啟鴻,2571,3274,43.986313088109,王進士,曹啟鴻,2571,3274,43.282718727404,周典論,曹啟鴻,2993,3922,,,,,,,,,屏東縣,新埤鄉
10013160,,44.728577837595,曾永權,蘇嘉全,5982,7392,44.728577837595,曾永權,蘇嘉全,5982,7392,40.625,王進士,蘇嘉全,5369,7847,40.625,王進士,蘇嘉全,5369,7847,41.325982673445,王進士,曹啟鴻,5772,8195,41.325982673445,王進士,曹啟鴻,5772,8195,44.602291764391,周典論,曹啟鴻,6656,8267,,,,,,,,,屏東縣,枋寮鄉
10013170,,36.30114743451,曾永權,蘇嘉全,6707,11769,36.30114743451,曾永權,蘇嘉全,6707,11769,33.942065491184,王進士,蘇嘉全,6468,12588,33.942065491184,王進士,蘇嘉全,6468,12588,40.020754064338,王進士,曹啟鴻,8099,12138,40.020754064338,王進士,曹啟鴻,8099,12138,41.04226300724,周典論,曹啟鴻,9750,14006,,,,,,,,,屏東縣,新園鄉
10013180,,37.734096889026,曾永權,蘇嘉全,2438,4023,37.734096889026,曾永權,蘇嘉全,2438,4023,39.219304471256,王進士,蘇嘉全,2763,4282,39.219304471256,王進士,蘇嘉全,2763,4282,39.493935046302,王進士,曹啟鴻,3028,4639,39.493935046302,王進士,曹啟鴻,3028,4639,33.70319001387,周典論,曹啟鴻,2916,5736,,,,,,,,,屏東縣,崁頂鄉
10013190,,42.163397448105,曾永權,蘇嘉全,4428,6074,42.163397448105,曾永權,蘇嘉全,4428,6074,39.169790619,王進士,蘇嘉全,4284,6653,39.169790619,王進士,蘇嘉全,4284,6653,29.551768846083,王進士,曹啟鴻,3191,7607,29.551768846083,王進士,曹啟鴻,3191,7607,31.119232526268,周典論,曹啟鴻,3406,7539,,,,,,,,,屏東縣,林邊鄉
10013200,,36.737588652482,曾永權,蘇嘉全,2331,4014,36.737588652482,曾永權,蘇嘉全,2331,4014,36.05812897366,王進士,蘇嘉全,2382,4224,36.05812897366,王進士,蘇嘉全,2382,4224,39.591898888381,王進士,曹啟鴻,2600,3967,39.591898888381,王進士,曹啟鴻,2600,3967,34.537210756723,周典論,曹啟鴻,2209,4187,,,,,,,,,屏東縣,南州鄉
10013210,,39.676824448933,曾永權,蘇嘉全,4518,6869,39.676824448933,曾永權,蘇嘉全,4518,6869,33.313006359439,王進士,蘇嘉全,3824,7655,33.313006359439,王進士,蘇嘉全,3824,7655,35.595390524968,王進士,曹啟鴻,3614,6539,35.595390524968,王進士,曹啟鴻,3614,6539,31.840704716462,周典論,曹啟鴻,3470,7428,,,,,,,,,屏東縣,佳冬鄉
10013220,,46.452540747843,曾永權,蘇嘉全,1938,2234,46.452540747843,曾永權,蘇嘉全,1938,2234,50.523168908819,王進士,蘇嘉全,2366,2317,50.523168908819,王進士,蘇嘉全,2366,2317,65.001981767737,王進士,曹啟鴻,3280,1766,0065.01981767737,王進士,曹啟鴻,3280,1766,54.411092488191,周典論,曹啟鴻,3571,2992,,,,,,,,,屏東縣,琉球鄉
10013230,,43.192195931922,曾永權,蘇嘉全,2081,2737,43.192195931922,曾永權,蘇嘉全,2081,2737,32.305127136307,王進士,蘇嘉全,1550,3248,32.305127136307,王進士,蘇嘉全,1550,3248,41.602266872746,王進士,曹啟鴻,1615,2267,41.602266872746,王進士,曹啟鴻,1615,2267,36.487018095987,周典論,曹啟鴻,1855,3229,,,,,,,,,屏東縣,車城鄉
10013240,,46.276449574059,曾永權,蘇嘉全,1684,1955,46.276449574059,曾永權,蘇嘉全,1684,1955,41.664339569953,王進士,蘇嘉全,1492,2089,41.664339569953,王進士,蘇嘉全,1492,2089,51.061477222468,王進士,曹啟鴻,2309,2213,51.061477222468,王進士,曹啟鴻,2309,2213,47.211193042163,周典論,曹啟鴻,2497,2792,,,,,,,,,屏東縣,滿州鄉
10013250,,46.067808458581,曾永權,蘇嘉全,1318,1543,46.067808458581,曾永權,蘇嘉全,1318,1543,40.715029503645,王進士,蘇嘉全,1173,1708,40.715029503645,王進士,蘇嘉全,1173,1708,45.255255255255,王進士,曹啟鴻,1507,1823,45.255255255255,王進士,曹啟鴻,1507,1823,43.712574850299,周典論,曹啟鴻,1679,2162,,,,,,,,,屏東縣,枋山鄉
10013260,,80.006357279085,曾永權,蘇嘉全,2517,629,80.006357279085,曾永權,蘇嘉全,2517,629,62.433706540955,王進士,蘇嘉全,2119,1275,62.433706540955,王進士,蘇嘉全,2119,1275,72.687704026115,王進士,曹啟鴻,267002,104,72.687704026115,王進士,曹啟鴻,2672,1004,67.465457685665,周典論,曹啟鴻,3125,1507,,,,,,,,,屏東縣,三地門鄉
10013270,,67.980884109916,曾永權,蘇嘉全,1138,536,67.980884109916,曾永權,蘇嘉全,1138,536,6000.04026684456,王進士,蘇嘉全,900,599,60.040026684456,王進士,蘇嘉全,900,599,73.361910593999,王進士,曹啟鴻,1198,435,73.361910593999,王進士,曹啟鴻,1198,435,59.674234945706,周典論,曹啟鴻,1209,817,,,,,,,,,屏東縣,霧臺鄉
10013280,,74.632491519035,曾永權,蘇嘉全,1980,673,74.632491519035,曾永權,蘇嘉全,1980,673,69.617706237425,王進士,蘇嘉全,2076,906,69.617706237425,王進士,蘇嘉全,2076,906,76.316555135292,王進士,曹啟鴻,2623,814,76.316555135292,王進士,曹啟鴻,2623,814,67.72198862231,周典論,曹啟鴻,2738,1305,,,,,,,,,屏東縣,瑪家鄉
10013290,,81.055607917059,曾永權,蘇嘉全,1720,402,81.055607917059,曾永權,蘇嘉全,1720,402,72.108843537415,王進士,蘇嘉全,1590,615,72.108843537415,王進士,蘇嘉全,1590,615,77.622097678143,王進士,曹啟鴻,1939,559,77.622097678143,王進士,曹啟鴻,1939,559,72.41250930752,周典論,曹啟鴻,1945,741,,,,,,,,,屏東縣,泰武鄉
10013300,,86.561743341404,曾永權,蘇嘉全,2860,444,86.561743341404,曾永權,蘇嘉全,2860,444,65.906813627255,王進士,蘇嘉全,2631,1361,65.906813627255,王進士,蘇嘉全,2631,1361,82.326369282891,王進士,曹啟鴻,2916,626,82.326369282891,王進士,曹啟鴻,2916,626,75.738688827331,周典論,曹啟鴻,3281,1051,,,,,,,,,屏東縣,來義鄉
10013310,,84.734211721945,曾永權,蘇嘉全,1865,336,84.734211721945,曾永權,蘇嘉全,1865,336,72.82861124013,王進士,蘇嘉全,1568,585,72.82861124013,王進士,蘇嘉全,1568,585,86.060329067642,王進士,曹啟鴻,1883,305,86.060329067642,王進士,曹啟鴻,1883,305,85.391705069124,周典論,曹啟鴻,1853,317,,,,,,,,,屏東縣,春日鄉
10013320,,84.474445515911,曾永權,蘇嘉全,1752,322,84.474445515911,曾永權,蘇嘉全,1752,322,72.886989553656,王進士,蘇嘉全,1535,571,72.886989553656,王進士,蘇嘉全,1535,571,82.967032967033,王進士,曹啟鴻,1812,372,82.967032967033,王進士,曹啟鴻,1812,372,74.807197943445,周典論,曹啟鴻,2037,686,,,,,,,,,屏東縣,獅子鄉
10013330,,81.750810560445,曾永權,蘇嘉全,1765,394,81.750810560445,曾永權,蘇嘉全,1765,394,69.510421715948,王進士,蘇嘉全,1434,629,69.510421715948,王進士,蘇嘉全,1434,629,79.660297239915,王進士,曹啟鴻,1876,479,79.660297239915,王進士,曹啟鴻,1876,479,69.003285870756,周典論,曹啟鴻,1890,849,,,,,,,,,屏東縣,牡丹鄉
10014010,,84.264229626015,陳建年,黃昭輝,18994,3547,84.264229626015,陳建年,黃昭輝,18994,3547,78.4265006660872,"徐慶元 吳俊立",賴坤成,36157,9946,78.426566600872,"徐慶元 吳俊立",賴坤成,36157,9946,,,,,,,,,,,47.372461864835,黃健庭,劉櫂豪,23447,26048,,,,,,,,,臺東縣,臺東市
10014020,,94.571181056887,陳建年,黃昭輝,3275,188,94.571181056887,陳建年,黃昭輝,3275,188,90.481019994205,"徐慶元 吳俊立",賴坤成,6245,657,90.481019994205,"徐慶元 吳俊立",賴坤成,6245,657,,,,,,,,,,,58.324895125127,黃健庭,劉櫂豪,4032,2881,,,,,,,,,臺東縣,成功鎮
10014030,,89.122957867584,陳建年,黃昭輝,2073,253,89.122957867584,陳建年,黃昭輝,2073,253,79.298794104511,"徐慶元 吳俊立",賴坤成,3551,927,79.298794104511,"徐慶元 吳俊立",賴坤成,3551,927,,,,,,,,,,,52.721238938053,黃健庭,劉櫂豪,2383,2137,,,,,,,,,臺東縣,關山鎮
10014040,,91.639932062653,陳建年,黃昭輝,4856,443,91.639932062653,陳建年,黃昭輝,4856,443,85.05214368482,"徐慶元 吳俊立",賴坤成,7340,1290,85.05214368482,"徐慶元 吳俊立",賴坤成,7340,1290,,,,,,,,,,,51.340002470051,黃健庭,劉櫂豪,4157,3940,,,,,,,,,臺東縣,卑南鄉
10014050,,84.578833693305,陳建年,黃昭輝,1958,357,84.578833693305,陳建年,黃昭輝,1958,357,80.015860428232,"徐慶元 吳俊立",賴坤成,3027,756,80.015860428232,"徐慶元 吳俊立",賴坤成,3027,756,,,,,,,,,,,49.128406579917,黃健庭,劉櫂豪,2001,2072,,,,,,,,,臺東縣,鹿野鄉
10014060,,89.043336058872,陳建年,黃昭輝,2178,268,89.043336058872,陳建年,黃昭輝,2178,268,76.766649720386,"徐慶元 吳俊立",賴坤成,3020,914,76.766649720386,"徐慶元 吳俊立",賴坤成,3020,914,,,,,,,,,,,53.860210141617,黃健庭,劉櫂豪,2358,2020,,,,,,,,,臺東縣,池上鄉
10014070,,94.042232277526,陳建年,黃昭輝,2494,158,94.042232277526,陳建年,黃昭輝,2494,158,90.817757009346,"徐慶元 吳俊立",賴坤成,3887,393,90.817757009346,"徐慶元 吳俊立",賴坤成,3887,393,,,,,,,,,,,56.211246525551,黃健庭,劉櫂豪,2629,2048,,,,,,,,,臺東縣,東河鄉
10014080,,96.097337006428,陳建年,黃昭輝,2093,85,96.097337006428,陳建年,黃昭輝,2093,85,87.549148099607,"徐慶元 吳俊立",賴坤成,3340,475,87.549148099607,"徐慶元 吳俊立",賴坤成,3340,475,,,,,,,,,,,62.660731948566,黃健庭,劉櫂豪,2534,1510,,,,,,,,,臺東縣,長濱鄉
10014090,,90.124705089316,陳建年,黃昭輝,2674,293,90.124705089316,陳建年,黃昭輝,2674,293,81.893079458074,"徐慶元 吳俊立",賴坤成,4473,989,81.893079458074,"徐慶元 吳俊立",賴坤成,4473,989,,,,,,,,,,,50.18752130924,黃健庭,劉櫂豪,2944,2922,,,,,,,,,臺東縣,太麻里鄉
10014100,,95.849056603774,陳建年,黃昭輝,1524,66,95.849056603774,陳建年,黃昭輝,1524,66,90.926944226237,"徐慶元 吳俊立",賴坤成,2315,231,90.926944226237,"徐慶元 吳俊立",賴坤成,2315,231,,,,,,,,,,,61.173048957828,黃健庭,劉櫂豪,2524,1602,,,,,,,,,臺東縣,大武鄉
10014110,,99.039780521262,陳建年,黃昭輝,722,7,99.039780521262,陳建年,黃昭輝,722,7,88.446215139442,"徐慶元 吳俊立",賴坤成,888,116,88.446215139442,"徐慶元 吳俊立",賴坤成,888,116,,,,,,,,,,,61.743951612903,黃健庭,劉櫂豪,1225,759,,,,,,,,,臺東縣,綠島鄉
10014120,,97.368421052632,陳建年,黃昭輝,1406,38,97.368421052632,陳建年,黃昭輝,1406,38,93.287037037037,"徐慶元 吳俊立",賴坤成,1612,116,93.287037037037,"徐慶元 吳俊立",賴坤成,1612,116,,,,,,,,,,,68.794326241135,黃健庭,劉櫂豪,1358,616,,,,,,,,,臺東縣,海端鄉
10014130,,96.577946768061,陳建年,黃昭輝,1016,36,96.577946768061,陳建年,黃昭輝,1016,36,88.565488565489,"徐慶元 吳俊立",賴坤成,1278,165,88.565488565489,"徐慶元 吳俊立",賴坤成,1278,165,,,,,,,,,,,72.367717797969,黃健庭,劉櫂豪,1354,517,,,,,,,,,臺東縣,延平鄉
10014140,,99.17695473251,陳建年,黃昭輝,1205,10,99.17695473251,陳建年,黃昭輝,1205,10,95.454545454545,"徐慶元 吳俊立",賴坤成,1386,66,95.454545454545,"徐慶元 吳俊立",賴坤成,1386,66,,,,,,,,,,,68.820786142572,黃健庭,劉櫂豪,1033,468,,,,,,,,,臺東縣,金峰鄉
10014150,,98.901098901099,陳建年,黃昭輝,1260,14,98.901098901099,陳建年,黃昭輝,1260,14,94.113756613757,"徐慶元 吳俊立",賴坤成,1423,89,94.113756613757,"徐慶元 吳俊立",賴坤成,1423,89,,,,,,,,,,,69.555143651529,黃健庭,劉櫂豪,1501,657,,,,,,,,,臺東縣,達仁鄉
10014160,,92.052023121387,陳建年,黃昭輝,637,55,92.052023121387,陳建年,黃昭輝,637,55,89.036885245902,"徐慶元 吳俊立",賴坤成,869,107,89.036885245902,"徐慶元 吳俊立",賴坤成,869,107,,,,,,,,,,,59.093982420554,黃健庭,劉櫂豪,874,605,,,,,,,,,臺東縣,蘭嶼鄉
10015010,,49.035918765565,王慶豐,游盈隆,19099,19850,49.035918765565,王慶豐,游盈隆,19099,19850,65.169942096993,"張福興 賴政雄",游盈隆,30276,16181,65.169942096993,"張福興 賴政雄",游盈隆,30276,16181,74.34625678297,"謝深山 傅崐萁",盧博基,30279,10448,74.34625678297,"謝深山 傅崐萁",盧博基,30279,10448,,,,,,,,,,,,,,花蓮縣,花蓮市
10015040,,58.958701590873,王慶豐,游盈隆,3669,2554,58.958701590873,王慶豐,游盈隆,3669,2554,70.787207872079,"張福興 賴政雄",游盈隆,4604,1900,70.787207872079,"張福興 賴政雄",游盈隆,4604,1900,78.874720652031,"謝深山 傅崐萁",盧博基,6000,1607,78.874720652031,"謝深山 傅崐萁",盧博基,6000,1607,,,,,,,,,,,,,,花蓮縣,新城鄉
10015110,,65.704492152264,王慶豐,游盈隆,7284,3802,65.704492152264,王慶豐,游盈隆,7284,3802,66.147580258745,"張福興 賴政雄",游盈隆,8283,4239,66.147580258745,"張福興 賴政雄",游盈隆,8283,4239,84.771742752416,"謝深山 傅崐萁",盧博基,5088,914,84.771742752416,"謝深山 傅崐萁",盧博基,5088,914,,,,,,,,,,,,,,花蓮縣,秀林鄉
10015050,,60.613481118701,王慶豐,游盈隆,4703,3056,60.613481118701,王慶豐,游盈隆,4703,3056,70.110490944299,"張福興 賴政雄",游盈隆,6155,2624,70.110490944299,"張福興 賴政雄",游盈隆,6155,2624,75.355498721228,"謝深山 傅崐萁",盧博基,22098,7227,75.355498721228,"謝深山 傅崐萁",盧博基,22098,7227,,,,,,,,,,,,,,花蓮縣,吉安鄉
10015060,,49.782591816135,王慶豐,游盈隆,12823,12935,49.782591816135,王慶豐,游盈隆,12823,12935,65.927389183203,"張福興 賴政雄",游盈隆,22027,11384,65.927389183203,"張福興 賴政雄",游盈隆,22027,11384,75.732548930875,"謝深山 傅崐萁",盧博基,6694,2145,75.732548930875,"謝深山 傅崐萁",盧博基,6694,2145,,,,,,,,,,,,,,花蓮縣,壽豐鄉
10015020,,53.29703569268,王慶豐,游盈隆,4405,3860,53.29703569268,王慶豐,游盈隆,4405,3860,64.488448844884,"張福興 賴政雄",游盈隆,5862,3228,64.488448844884,"張福興 賴政雄",游盈隆,5862,3228,77.707112970711,"謝深山 傅崐萁",盧博基,4643,1332,77.707112970711,"謝深山 傅崐萁",盧博基,4643,1332,,,,,,,,,,,,,,花蓮縣,鳳林鎮
10015070,,76.878881987578,王慶豐,游盈隆,4951,1489,76.878881987578,王慶豐,游盈隆,4951,1489,71.281399943551,"張福興 賴政雄",游盈隆,5051,2035,71.281399943551,"張福興 賴政雄",游盈隆,5051,2035,81.383223431989,"謝深山 傅崐萁",盧博基,5307,1214,81.383223431989,"謝深山 傅崐萁",盧博基,5307,1214,,,,,,,,,,,,,,花蓮縣,光復鄉
10015080,,73.573710634414,王慶豐,游盈隆,1612,579,73.573710634414,王慶豐,游盈隆,1612,579,81.923235658275,"張福興 賴政雄",游盈隆,1985,438,81.923235658275,"張福興 賴政雄",游盈隆,1985,438,85.951065509077,"謝深山 傅崐萁",盧博基,2178,356,85.951065509077,"謝深山 傅崐萁",盧博基,2178,356,,,,,,,,,,,,,,花蓮縣,豐濱鄉
10015120,,63.234757210661,王慶豐,游盈隆,3464,2014,63.234757210661,王慶豐,游盈隆,3464,2014,68.148272391815,"張福興 賴政雄",游盈隆,4063,1899,68.148272391815,"張福興 賴政雄",游盈隆,4063,1899,91.546825675202,"謝深山 傅崐萁",盧博基,2610,241,91.546825675202,"謝深山 傅崐萁",盧博基,2610,241,,,,,,,,,,,,,,花蓮縣,萬榮鄉
10015090,,71.153119092628,王慶豐,游盈隆,3764,1526,71.153119092628,王慶豐,游盈隆,3764,1526,71.658462703521,"張福興 賴政雄",游盈隆,3785,1497,71.658462703521,"張福興 賴政雄",游盈隆,3785,1497,75.948260793568,"謝深山 傅崐萁",盧博基,4345,1376,75.948260793568,"謝深山 傅崐萁",盧博基,4345,1376,,,,,,,,,,,,,,花蓮縣,瑞穗鄉
10015030,,54.730473047305,王慶豐,游盈隆,2985,2469,54.730473047305,王慶豐,游盈隆,2985,2469,77.917472598324,"張福興 賴政雄",游盈隆,4834,1370,77.917472598324,"張福興 賴政雄",游盈隆,4834,1370,77.84206943499,"謝深山 傅崐萁",盧博基,9148,2604,77.84206943499,"謝深山 傅崐萁",盧博基,9148,2604,,,,,,,,,,,,,,花蓮縣,玉里鎮
10015100,,71.062422488632,王慶豐,游盈隆,1719,700,71.062422488632,王慶豐,游盈隆,1719,700,81.163039600428,"張福興 賴政雄",游盈隆,2275,528,81.163039600428,"張福興 賴政雄",游盈隆,2275,528,75.269835258474,"謝深山 傅崐萁",盧博基,3975,1306,75.269835258474,"謝深山 傅崐萁",盧博基,3975,1306,,,,,,,,,,,,,,花蓮縣,富里鄉
10015130,,84.602224123182,王慶豐,游盈隆,1978,360,84.602224123182,王慶豐,游盈隆,1978,360,88.700331125828,"張福興 賴政雄",游盈隆,2143,273,88.700331125828,"張福興 賴政雄",游盈隆,2143,273,92.233701460634,"謝深山 傅崐萁",盧博基,2589,218,92.233701460634,"謝深山 傅崐萁",盧博基,2589,218,,,,,,,,,,,,,,花蓮縣,卓溪鄉
10016010,,57.733879985091,賴峰偉,許丕龍,12392,9072,57.733879985091,賴峰偉,許丕龍,12392,9072,60.167569319076,賴峰偉,陳光復,12998,8605,60.167569319076,賴峰偉,陳光復,12998,8605,54.834268406017,王乾發,陳光復,15931,13122,54.834268406017,王乾發,陳光復,15931,13122,51.467848893525,王乾發,蔡見興,13815,13027,,,,,,,,,澎湖縣,馬公市
10016020,,50.579284108594,賴峰偉,許丕龍,2925,2858,50.579284108594,賴峰偉,許丕龍,2925,2858,52.147951567424,賴峰偉,陳光復,3144,2885,52.147951567424,賴峰偉,陳光復,3144,2885,41.59767610748,王乾發,陳光復,2864,4021,41.59767610748,王乾發,陳光復,2864,4021,47.266828872668,王乾發,蔡見興,2914,3251,,,,,,,,,澎湖縣,湖西鄉
10016030,,58.77122069523,賴峰偉,許丕龍,2181,1530,58.77122069523,賴峰偉,許丕龍,2181,1530,67.643835616438,賴峰偉,陳光復,2469,1181,67.643835616438,賴峰偉,陳光復,2469,1181,44.519459888801,王乾發,陳光復,2242,2794,44.519459888801,王乾發,陳光復,2242,2794,54.516208859193,王乾發,蔡見興,2203,1838,,,,,,,,,澎湖縣,白沙鄉
10016040,,60.527894421116,賴峰偉,許丕龍,2018,1316,60.527894421116,賴峰偉,許丕龍,2018,1316,64.307228915663,賴峰偉,陳光復,2135,1185,64.307228915663,賴峰偉,陳光復,2135,1185,52.549019607843,王乾發,陳光復,2278,2057,52.549019607843,王乾發,陳光復,2278,2057,52.526799387443,王乾發,蔡見興,1715,1550,,,,,,,,,澎湖縣,西嶼鄉
10016050,,57.43006993007,賴峰偉,許丕龍,657,487,57.43006993007,賴峰偉,許丕龍,657,487,58.261617900172,賴峰偉,陳光復,677,485,58.261617900172,賴峰偉,陳光復,677,485,43.318385650224,王乾發,陳光復,966,1264,43.318385650224,王乾發,陳光復,966,1264,35.703001579779,王乾發,蔡見興,904,1628,,,,,,,,,澎湖縣,望安鄉
10016060,,79.608650875386,賴峰偉,許丕龍,773,198,79.608650875386,賴峰偉,許丕龍,773,198,83.147459727385,賴峰偉,陳光復,671,136,83.147459727385,賴峰偉,陳光復,671,136,57.160194174757,王乾發,陳光復,942,706,57.160194174757,王乾發,陳光復,942,706,58.951271186441,王乾發,蔡見興,1113,775,,,,,,,,,澎湖縣,七美鄉
10017010,,50.002164783305,劉文雄,李進勇,11549,11548,50.002164783305,劉文雄,李進勇,11549,11548,58.690136996995,許財利,李進勇,15037,10584,58.690136996995,許財利,李進勇,15037,10584,67.52761017607,"許財利 劉文雄","陳建銘 王拓",19138,9203,67.52761017607,"許財利 劉文雄","陳建銘 王拓",19138,9203,61.694207372435,張通榮,林右昌,13590,8438,,,,,,,,,基隆市,中正區
10017070,,43.137612448335,劉文雄,李進勇,7097,9355,43.137612448335,劉文雄,李進勇,7097,9355,61.127870962552,許財利,李進勇,15197,9664,61.127870962552,許財利,李進勇,15197,9664,71.129619553844,"許財利 劉文雄","陳建銘 王拓",16995,6898,71.129619553844,"許財利 劉文雄","陳建銘 王拓",16995,6898,59.419854963741,張通榮,林右昌,11881,8114,,,,,,,,,基隆市,信義區
10017040,,51.546146527117,劉文雄,李進勇,6501,6111,51.546146527117,劉文雄,李進勇,6501,6111,59.5141185449,許財利,李進勇,9358,6366,59.5141185449,許財利,李進勇,9358,6366,61.508052099372,"許財利 劉文雄","陳建銘 王拓",14781,9250,61.508052099372,"許財利 劉文雄","陳建銘 王拓",14781,9250,51.828810468733,張通榮,林右昌,9664,8982,,,,,,,,,基隆市,仁愛區
10017050,,41.435301651192,劉文雄,李進勇,9059,12804,41.435301651192,劉文雄,李進勇,9059,12804,54.823111258059,許財利,李進勇,13265,10931,54.823111258059,許財利,李進勇,13265,10931,64.249186424919,"許財利 劉文雄","陳建銘 王拓",16584,9228,64.249186424919,"許財利 劉文雄","陳建銘 王拓",16584,9228,54.785110925462,張通榮,林右昌,11804,9742,,,,,,,,,基隆市,中山區
10017060,,46.215707232656,劉文雄,李進勇,9080,10567,46.215707232656,劉文雄,李進勇,9080,10567,55.516902676598,許財利,李進勇,13565,10869,55.516902676598,許財利,李進勇,13565,10869,66.368237658011,"許財利 劉文雄","陳建銘 王拓",26094,13223,66.368237658011,"許財利 劉文雄","陳建銘 王拓",26094,13223,54.102656786553,張通榮,林右昌,17961,15237,,,,,,,,,基隆市,安樂區
10017030,,45.561476969928,劉文雄,李進勇,11969,14301,45.561476969928,劉文雄,李進勇,11969,14301,56.328052728955,許財利,李進勇,19485,15107,56.328052728955,許財利,李進勇,19485,15107,70.158821830783,"許財利 劉文雄","陳建銘 王拓",12148,5167,70.158821830783,"許財利 劉文雄","陳建銘 王拓",12148,5167,60.670391061453,張通榮,林右昌,9231,5984,,,,,,,,,基隆市,暖暖區
10017020,,53.244244083078,劉文雄,李進勇,9921,8712,53.244244083078,劉文雄,李進勇,9921,8712,61.971646101339,許財利,李進勇,14163,8691,61.971646101339,許財利,李進勇,14163,8691,69.525360809122,"許財利 劉文雄","陳建銘 王拓",18354,8045,69.525360809122,"許財利 劉文雄","陳建銘 王拓",18354,8045,56.400266083816,張通榮,林右昌,11870,9176,,,,,,,,,基隆市,七堵區
10018010,,46.314524006312,林志成,蔡仁堅,30820,35725,46.314524006312,林志成,蔡仁堅,30820,35725,58.990098481411,林政則,蔡仁堅,44206,30732,58.990098481411,林政則,蔡仁堅,44206,30732,71.081460865769,林政則,鄭貴元,52102,21197,71.081460865769,林政則,鄭貴元,52102,21197,60.858430362741,許明財,劉俊秀,43487,27969,,,,,,,,,新竹市,東區
10018020,,43.084699035074,林志成,蔡仁堅,22504,29728,43.084699035074,林志成,蔡仁堅,22504,29728,54.455583889335,林政則,蔡仁堅,31178,26076,54.455583889335,林政則,蔡仁堅,31178,26076,67.586368348885,林政則,鄭貴元,40418,19384,67.586368348885,林政則,鄭貴元,40418,19384,56.313186352586,許明財,劉俊秀,33588,26057,,,,,,,,,新竹市,北區
10018030,,35.383425594269,林志成,蔡仁堅,8693,15875,35.383425594269,林志成,蔡仁堅,8693,15875,55.151889086488,林政則,蔡仁堅,15196,12357,55.151889086488,林政則,蔡仁堅,15196,12357,68.176627331557,林政則,鄭貴元,19701,9196,68.176627331557,林政則,鄭貴元,19701,9196,51.309727524023,許明財,劉俊秀,15592,14796,,,,,,,,,新竹市,香山區
66000010,,46.307996051333,"洪昭男 宋艾克",張溫鷹,4691,5439,46.307996051333,"洪昭男 宋艾克",張溫鷹,4691,5439,50.27143180276,胡志強,蔡明憲,4445,4397,50.27143180276,胡志強,蔡明憲,4445,4397,55.601092896175,"胡志強 沈智慧",林佳龍,5291,4225,55.601092896175,"胡志強 沈智慧",林佳龍,5291,4225,55.601092896175,"胡志強 沈智慧",林佳龍,5291,4225,,,,,,,,,臺中市,中區
66000040,,44.951572243598,"洪昭男 宋艾克",張溫鷹,13552,16596,44.951572243598,"洪昭男 宋艾克",張溫鷹,13552,16596,49.267669981188,胡志強,蔡明憲,14666,15102,49.267669981188,胡志強,蔡明憲,14666,15102,59.144424702735,"胡志強 沈智慧",林佳龍,30292,20925,59.144424702735,"胡志強 沈智慧",林佳龍,30292,20925,59.144424702735,"胡志強 沈智慧",林佳龍,30292,20925,,,,,,,,,臺中市,西區
66000050,,45.63018265751,"洪昭男 宋艾克",張溫鷹,16013,19080,45.63018265751,"洪昭男 宋艾克",張溫鷹,16013,19080,51.934434434434,胡志強,蔡明憲,20753,19207,51.934434434434,胡志強,蔡明憲,20753,19207,62.584262682116,"胡志強 沈智慧",林佳龍,40293,24089,62.584262682116,"胡志強 沈智慧",林佳龍,40293,24089,62.584262682116,"胡志強 沈智慧",林佳龍,40293,24089,,,,,,,,,臺中市,北區
66000020,,48.152173913043,"洪昭男 宋艾克",張溫鷹,21264,22896,48.152173913043,"洪昭男 宋艾克",張溫鷹,21264,22896,52.76531179211,胡志強,蔡明憲,24691,22103,52.76531179211,胡志強,蔡明憲,24691,22103,55.515407890485,"胡志強 沈智慧",林佳龍,18898,15143,55.515407890485,"胡志強 沈智慧",林佳龍,18898,15143,55.515407890485,"胡志強 沈智慧",林佳龍,18898,15143,,,,,,,,,臺中市,東區
66000030,,51.961631524369,"洪昭男 宋艾克",張溫鷹,30065,27795,51.961631524369,"洪昭男 宋艾克",張溫鷹,30065,27795,57.097000702177,胡志強,蔡明憲,34152,25662,57.097000702177,胡志強,蔡明憲,34152,25662,59.469461974543,"胡志強 沈智慧",林佳龍,27799,18946,59.469461974543,"胡志強 沈智慧",林佳龍,27799,18946,59.469461974543,"胡志強 沈智慧",林佳龍,27799,18946,,,,,,,,,臺中市,南區
66000060,,52.029339024969,"洪昭男 宋艾克",張溫鷹,30715,28319,52.029339024969,"洪昭男 宋艾克",張溫鷹,30715,28319,55.349525550622,胡志強,蔡明憲,38148,30774,55.349525550622,胡志強,蔡明憲,38148,30774,62.949604620609,"胡志強 沈智慧",林佳龍,50789,29893,62.949604620609,"胡志強 沈智慧",林佳龍,50789,29893,62.949604620609,"胡志強 沈智慧",林佳龍,50789,29893,,,,,,,,,臺中市,西屯區
66000070,,47.674650201663,"洪昭男 宋艾克",張溫鷹,19149,21017,47.674650201663,"洪昭男 宋艾克",張溫鷹,19149,21017,54.888628843515,胡志強,蔡明憲,27205,22359,54.888628843515,胡志強,蔡明憲,27205,22359,60.984338519743,"胡志強 沈智慧",林佳龍,35785,22894,60.984338519743,"胡志強 沈智慧",林佳龍,35785,22894,60.984338519743,"胡志強 沈智慧",林佳龍,35785,22894,,,,,,,,,臺中市,南屯區
66000080,,51.386016771754,"洪昭男 宋艾克",張溫鷹,40504,38319,51.386016771754,"洪昭男 宋艾克",張溫鷹,40504,38319,56.780327644584,胡志強,蔡明憲,49806,37911,56.780327644584,胡志強,蔡明憲,49806,37911,61.69438568573,"胡志強 沈智慧",林佳龍,63581,39477,61.69438568573,"胡志強 沈智慧",林佳龍,63581,39477,61.69438568573,"胡志強 沈智慧",林佳龍,63581,39477,,,,,,,,,臺中市,北屯區
10020010,,90.082896295043,江義雄,蔡鴻章,26624,2931,90.082896295043,江義雄,蔡鴻章,26624,2931,80.942653394741,江清馦,黃正男,21793,5131,80.942653394741,江清馦,黃正男,21793,5131,56.648788607361,黃敏惠,陳麗貞,36756,28128,56.648788607361,黃敏惠,陳麗貞,36756,28128,55.364433877183,黃敏惠,涂醒哲,33764,27221,,,,,,,,,嘉義市,東區
10020020,,87.022697942762,江義雄,蔡鴻章,22927,3419,87.022697942762,江義雄,蔡鴻章,22927,3419,68.045590305194,江清馦,黃正男,19821,9308,68.045590305194,江清馦,黃正男,19821,9308,52.801843829834,黃敏惠,陳麗貞,38030,33994,52.801843829834,黃敏惠,陳麗貞,38030,33994,51.531069827034,黃敏惠,涂醒哲,36198,34047,,,,,,,,,嘉義市,西區
67000320,,59.928532433371,"林南生 陳榮盛 高家俊",張燦鍙,36225,24222,59.928532433371,"林南生 陳榮盛 高家俊",張燦鍙,36225,24222,53.837518645527,陳榮盛,許添財,35010,30019,53.837518645527,陳榮盛,許添財,35010,30019,49.762881312484,陳榮盛,"許添財 錢林慧君",38825,39195,49.762881312484,陳榮盛,"許添財 錢林慧君",38825,39195,,,,,,,,,,,,,,臺南市,東區
67000330,,49.472295514512,"林南生 陳榮盛 高家俊",張燦鍙,23250,23746,49.472295514512,"林南生 陳榮盛 高家俊",張燦鍙,23250,23746,45.933488325078,陳榮盛,許添財,22721,26744,45.933488325078,陳榮盛,許添財,22721,26744,37.975151108126,陳榮盛,"許添財 錢林慧君",22618,36942,37.975151108126,陳榮盛,"許添財 錢林慧君",22618,36942,,,,,,,,,,,,,,臺南市,南區
67000340,,53.65313484634,"林南生 陳榮盛 高家俊",張燦鍙,23499,20299,53.65313484634,"林南生 陳榮盛 高家俊",張燦鍙,23499,20299,45.751427475231,陳榮盛,許添財,20272,24037,45.751427475231,陳榮盛,許添財,20272,24037,43.150697223668,陳榮盛,"許添財 錢林慧君",24044,31677,43.150697223668,陳榮盛,"許添財 錢林慧君",24044,31677,,,,,,,,,,,,,,臺南市,北區
67000350,,51.75332265466,"林南生 陳榮盛 高家俊",張燦鍙,23909,22289,51.75332265466,"林南生 陳榮盛 高家俊",張燦鍙,23909,22289,39.720076374656,陳榮盛,許添財,22675,34412,39.720076374656,陳榮盛,許添財,22675,34412,35.366701662054,陳榮盛,"許添財 錢林慧君",25939,47404,35.366701662054,陳榮盛,"許添財 錢林慧君",25939,47404,,,,,,,,,,,,,,臺南市,安南區
67000360,,51.358024691358,"林南生 陳榮盛 高家俊",張燦鍙,6864,6501,51.358024691358,"林南生 陳榮盛 高家俊",張燦鍙,6864,6501,46.464709949092,陳榮盛,許添財,7393,8518,46.464709949092,陳榮盛,許添財,7393,8518,40.651746075335,陳榮盛,"許添財 錢林慧君",8882,12967,40.651746075335,陳榮盛,"許添財 錢林慧君",8882,12967,,,,,,,,,,,,,,臺南市,安平區
09020010,,,,,,,,,,,,91.293744665285,"李炷烽 蔡是民 許金象",陳昭南,7487,714,91.293744665285,"李炷烽 蔡是民 許金象",陳昭南,7487,714,,,,,,,,,,,,,,,,,,,,,,,,金門縣,金城鎮
09020040,,,,,,,,,,,,94.250913520097,"李炷烽 蔡是民 許金象",陳昭南,3869,236,94.250913520097,"李炷烽 蔡是民 許金象",陳昭南,3869,236,,,,,,,,,,,,,,,,,,,,,,,,金門縣,金寧鄉
09020030,,,,,,,,,,,,92.633928571429,"李炷烽 蔡是民 許金象",陳昭南,4980,396,92.633928571429,"李炷烽 蔡是民 許金象",陳昭南,4980,396,,,,,,,,,,,,,,,,,,,,,,,,金門縣,金湖鎮
09020020,,,,,,,,,,,,96.942167072901,"李炷烽 蔡是民 許金象",陳昭南,4375,138,96.942167072901,"李炷烽 蔡是民 許金象",陳昭南,4375,138,,,,,,,,,,,,,,,,,,,,,,,,金門縣,金沙鎮
09020050,,,,,,,,,,,,96.517412935323,"李炷烽 蔡是民 許金象",陳昭南,2134,77,96.517412935323,"李炷烽 蔡是民 許金象",陳昭南,2134,77,,,,,,,,,,,,,,,,,,,,,,,,金門縣,烈嶼鄉
09020060,,,,,,,,,,,,97.222222222222,"李炷烽 蔡是民 許金象",陳昭南,35,1,97.222222222222,"李炷烽 蔡是民 許金象",陳昭南,35,1,,,,,,,,,,,,,,,,,,,,,,,,金門縣,烏坵鄉
67000370,,,,,,,,,,,,,,,,,,,,,,38.981012835212,陳榮盛,"許添財 錢林慧君",13940,21821,38.981012835212,陳榮盛,"許添財 錢林慧君",13940,21821,,,,,,,,,,,,,,臺南市,中西區
